10.65781182,1
,1
14.7478961,2
,2
18.27868619,3
,3
2.475057616,4
,4
6.119058475,5
,5
5.449924218,6
,6
7.802080337,7
,7
14.23417841,8
,8
15.41389344,9
,9
9.46569581,10
,10
15.23875818,11
,11
19.59428889,12
,12
7.787908452,13
,13
9.677591971,14
,14
13.17521743,15
,15
14.01864146,16
,16
30.5912617,17
,17
38.15573638,18
,18
0.456472494,19
,19
3.867385769,20
,20
7.024622197,21
,21
2.84616447,22
,22
18.8690087,23
,23
25.0736586,24
,24
21.66658644,25
,25
48.48749388,26
,26
58.61075678,27
,27
4.169292721,28
,28
11.38334579,29
,29
24.41818234,30
,30
14.96739578,31
,31
30.28625472,32
,32
39.57783871,33
,33
0.339837285,34
,34
3.12306153,35
,35
5.140109821,36
,36
3.920306162,37
,37
15.39753007,38
,38
22.45064906,39
,39
23.68617418,40
,40
42.69485888,41
,41
54.83360857,42
,42
6.351542297,43
,43
14.16472216,44
,44
17.378304,45
,45
3.606676847,46
,46
35.07866175,47
,47
43.31814591,48
,48
0,49
,49
29.29817829,50
,50
37.56535564,51
,51
0.960810012,52
,52
59.0196812,53
,53
70.96873006,54
,54
35.13952712,55
,55
37.65445791,56
,56
51.10248957,57
,57
3.963450153,58
,58
31.93031022,59
,59
48.70823186,60
,60
5.008760546,61
,61
35.08872433,62
,62
41.2456065,63
,63
0,64
,64
13.9769471,65
,65
18.89524916,66
,66
0.705195152,67
,67
32.63234102,68
,68
31.81837229,69
,69
30.4254394,70
,70
53.63578043,71
,71
59.4767437,72
,72
2.014671714,73
,73
26.51352578,74
,74
36.85037948,75
,75
4.820162197,76
,76
34.80628557,77
,77
46.63249784,78
,78
0,79
,79
11.74218494,80
,80
26.65189435,81
,81
0.546829898,82
,82
35.87055638,83
,83
68.84449525,84
,84
33.8754215,85
,85
63.0697188,86
,86
70.62989218,87
,87
2.481415648,88
,88
31.6780045,89
,89
46.01420049,90
,90
22.16644806,91
,91
23.21156884,92
,92
34.74876407,93
,93
0.948128865,94
,94
16.64966496,95
,95
19.99982627,96
,96
4.992379236,97
,97
53.99699311,98
,98
57.37548977,99
,99
22.61165831,100
,100
28.75149591,101
,101
26.98890626,102
,102
20.85782482,103
,103
20.73475671,104
,104
30.87112941,105
,105
20.36096013,106
,106
38.91690391,107
,107
41.70005044,108
,108
0.940121626,109
,109
14.90450687,110
,110
19.596159,111
,111
4.179760101,112
,112
39.00815943,113
,113
37.1696242,114
,114
31.61725517,115
,115
51.21654271,116
,116
57.55128922,117
,117
16.17382734,118
,118
26.58751317,119
,119
40.41327646,120
,120
16.96531636,121
,121
34.37725511,122
,122
43.5835106,123
,123
0.828206999,124
,124
13.33632103,125
,125
26.96354436,126
,126
4.206951598,127
,127
39.80435813,128
,128
66.76359549,129
,129
38.14302674,130
,130
56.51667394,131
,131
67.97172842,132
,132
13.29271578,133
,133
32.5166032,134
,134
47.33481015,135
,135
15.4176361,136
,136
18.97417112,137
,137
16.81589184,138
,138
2.663355036,139
,139
16.04854773,140
,140
21.9766332,141
,141
7.641917878,142
,142
28.39231834,143
,143
26.6748995,144
,144
29.97543001,145
,145
36.30636065,146
,146
36.58798902,147
,147
10.54082024,148
,148
26.25688388,149
,149
28.58964812,150
,150
16.88486051,151
,151
41.29698409,152
,152
43.73298112,153
,153
0.655700656,154
,154
33.62905648,155
,155
41.48980841,156
,156
2.599454304,157
,157
66.02401389,158
,158
72.39052533,159
,159
68.84655406,160
,160
82.1847816,161
,161
80.58917239,162
,162
15.19452071,163
,163
83.87445444,164
,164
86.003404,165
,165
30.01215681,166
,166
51.39708789,167
,167
50.13634297,168
,168
2.942173839,169
,169
34.96324083,170
,170
51.01008234,171
,171
15.31942872,172
,172
81.56943098,173
,173
77.57371189,174
,174
86.68959994,175
,175
92.91423383,176
,176
97.56849953,177
,177
35.55504656,178
,178
98.73132029,179
,179
98.28722602,180
,180
5.980979595,181
,181
50.58289676,182
,182
45.08048043,183
,183
0,184
,184
42.11946098,185
,185
49.11143206,186
,186
0.705225291,187
,187
70.86219062,188
,188
66.44951759,189
,189
65.93988128,190
,190
66.07082051,191
,191
66.20793624,192
,192
6.110691586,193
,193
67.81850094,194
,194
72.63064909,195
,195
7.837919121,196
,196
46.74711139,197
,197
46.25838016,198
,198
0,199
,199
37.03037628,200
,200
43.69560153,201
,201
0.595872872,202
,202
70.54955286,203
,203
80.90409924,204
,204
70.2055639,205
,205
83.08846167,206
,206
85.14465222,207
,207
3.149733367,208
,208
78.08461533,209
,209
82.13737482,210
,210
7.782359234,211
,211
53.59986981,212
,212
51.75674767,213
,213
0,214
,214
49.61438009,215
,215
53.675534,216
,216
0.646778821,217
,217
86.59757822,218
,218
84.89551287,219
,219
91.39064225,220
,220
97.29293259,221
,221
99.61910732,222
,222
4.166287009,223
,223
92.57247896,224
,224
94.69105416,225
,225
45.04873884,226
,226
45.78100103,227
,227
44.65371267,228
,228
0.924541619,229
,229
44.55887608,230
,230
43.35721014,231
,231
3.420166341,232
,232
72.84831426,233
,233
65.31185167,234
,234
56.83280355,235
,235
76.33726193,236
,236
73.22050209,237
,237
36.47724246,238
,238
68.55764886,239
,239
69.0890435,240
,240
31.88044847,241
,241
44.81754321,242
,242
46.6498955,243
,243
0.668792684,244
,244
39.52986412,245
,245
43.87183311,246
,246
2.74612364,247
,247
72.63770939,248
,248
82.32885806,249
,249
73.64322424,250
,250
87.90201497,251
,251
86.21979782,252
,252
34.20844443,253
,253
77.33294235,254
,254
80.60055876,255
,255
42.28229272,256
,256
50.28665363,257
,257
49.58296909,258
,258
1.18600639,259
,259
48.46327508,260
,260
49.9274003,261
,261
4.582095156,262
,262
78.80108905,263
,263
79.44483195,264
,264
84.85609846,265
,265
93.31083413,266
,266
93.87454124,267
,267
44.02752342,268
,268
89.48065113,269
,269
91.48509414,270
,270
7.372693174,271
,271
9.714563227,272
,272
9.546870881,273
,273
1.022402294,274
,274
12.592787,275
,275
14.01241706,276
,276
4.337310253,277
,277
19.47378974,278
,278
23.2960789,279
,279
24.90011385,280
,280
28.47849533,281
,281
33.33065232,282
,282
6.753074014,283
,283
15.06136862,284
,284
15.12671706,285
,285
3.88663609,286
,286
25.83457198,287
,287
44.5879911,288
,288
0,289
,289
15.16664871,290
,290
40.37403082,291
,291
0,292
,292
27.79577337,293
,293
72.31351298,294
,294
32.00160024,295
,295
51.8134607,296
,296
83.36436834,297
,297
2.641901391,298
,298
57.97752811,299
,299
80.28994263,300
,300
9.564949769,301
,301
37.21381762,302
,302
47.09764929,303
,303
1.100030526,304
,304
35.70389569,305
,305
54.89240735,306
,306
0,307
,307
57.45048731,308
,308
77.02732986,309
,309
69.39855223,310
,310
85.4419715,311
,311
92.00324978,312
,312
21.86178566,313
,313
83.65433196,314
,314
92.95670274,315
,315
1.297818598,316
,316
28.35051675,317
,317
40.1812432,318
,318
0,319
,319
40.45135336,320
,320
42.27311559,321
,321
0.910655456,322
,322
62.16368477,323
,323
66.88608561,324
,324
76.83418769,325
,325
91.6524383,326
,326
66.37274183,327
,327
2.534585496,328
,328
47.17441756,329
,329
52.43589363,330
,330
3.542495517,331
,331
39.19686382,332
,332
45.87563784,333
,333
0,334
,334
24.02819715,335
,335
39.3913488,336
,336
0,337
,337
50.04747607,338
,338
74.62438876,339
,339
54.58472012,340
,340
74.81544975,341
,341
84.20189779,342
,342
2.234092607,343
,343
71.60789091,344
,344
72.77189285,345
,345
4.275083316,346
,346
40.44190447,347
,347
46.6599306,348
,348
0,349
,349
46.64994849,350
,350
45.97105208,351
,351
0,352
,352
72.38342011,353
,353
82.71053034,354
,354
77.8707536,355
,355
96.59121826,356
,356
97.94800557,357
,357
3.498335753,358
,358
89.32288292,359
,359
89.21674959,360
,360
9.910073167,361
,361
33.09515946,362
,362
39.91592357,363
,363
0.297246729,364
,364
43.42467948,365
,365
45.27500965,366
,366
0.858974836,367
,367
68.84924903,368
,368
64.60847653,369
,369
63.8547365,370
,370
76.33612431,371
,371
73.13965753,372
,372
4.497312079,373
,373
40.87667176,374
,374
40.31664678,375
,375
24.27358667,376
,376
42.64405348,377
,377
47.5989822,378
,378
0.345789289,379
,379
40.97949244,380
,380
43.26194293,381
,381
1.497954505,382
,382
68.06627781,383
,383
74.75498754,384
,384
70.28309787,385
,385
80.52782377,386
,386
85.26909551,387
,387
21.94834142,388
,388
72.58738213,389
,389
77.03264152,390
,390
23.09132333,391
,391
47.555818,392
,392
46.76206263,393
,393
0.605197064,394
,394
47.14534203,395
,395
45.98211557,396
,396
0,397
,397
79.73976585,398
,398
80.78664078,399
,399
84.69021766,400
,400
91.05627032,401
,401
98.17713445,402
,402
23.84150703,403
,403
86.41285544,404
,404
87.55418753,405
,405
6.575127297,406
,406
8.742546332,407
,407
9.935132826,408
,408
1.705289038,409
,409
12.29594301,410
,410
16.85702349,411
,411
3.595206135,412
,412
19.90273024,413
,413
25.2527032,414
,414
16.1585109,415
,415
20.64357371,416
,416
24.16256349,417
,417
7.938107708,418
,418
13.6465536,419
,419
14.36737015,420
,420
3.956885702,421
,421
22.516172,422
,422
39.74593472,423
,423
0,424
,424
15.82179421,425
,425
40.1396941,426
,426
0.57693322,427
,427
29.29795514,428
,428
73.73993868,429
,429
24.60602271,430
,430
39.09372544,431
,431
65.38933316,432
,432
2.344713425,433
,433
48.30710262,434
,434
72.94185386,435
,435
10.00188169,436
,436
37.52076416,437
,437
52.58811564,438
,438
0.862838268,439
,439
34.28507945,440
,440
53.14523882,441
,441
2.173414859,442
,442
59.96800012,443
,443
80.9780499,444
,444
68.0065648,445
,445
84.91024962,446
,446
95.07020116,447
,447
15.22347574,448
,448
86.41541039,449
,449
92.13068227,450
,450
2.038853369,451
,451
28.76096277,452
,452
44.56045142,453
,453
0.380918213,454
,454
44.68712072,455
,455
52.78848387,456
,456
1.112658983,457
,457
67.02083729,458
,458
72.46627889,459
,459
55.08984272,460
,460
63.25759385,461
,461
66.28326385,462
,462
6.141106311,463
,463
54.56358173,464
,464
63.22469221,465
,465
2.256359852,466
,466
32.38635793,467
,467
44.44197306,468
,468
0,469
,469
21.71222946,470
,470
43.86426544,471
,471
0,472
,472
39.83155733,473
,473
78.71189796,474
,474
34.68494953,475
,475
51.68395023,476
,476
69.94718927,477
,477
1.517636561,478
,478
65.78374618,479
,479
79.37053051,480
,480
2.510510682,481
,481
36.61548208,482
,482
52.67302388,483
,483
0,484
,484
32.99753143,485
,485
57.53990104,486
,486
0.544984175,487
,487
57.85208433,488
,488
85.89473594,489
,489
67.67136056,490
,490
95.55515456,491
,491
99.03446213,492
,492
2.310618854,493
,493
86.53541708,494
,494
94.50096737,495
,495
7.7649642,496
,496
31.45776364,497
,497
39.80414391,498
,498
0.230274449,499
,499
47.71300168,500
,500
54.76985941,501
,501
0.737631078,502
,502
74.13888356,503
,503
71.26504827,504
,504
64.02888238,505
,505
74.63930208,506
,506
76.16070518,507
,507
5.908085833,508
,508
52.86647451,509
,509
56.03413013,510
,510
12.72121896,511
,511
41.67771463,512
,512
43.87448476,513
,513
0.316193405,514
,514
40.29418927,515
,515
45.40015878,516
,516
0.778234105,517
,517
65.05218409,518
,518
78.61961971,519
,519
45.30738516,520
,520
56.65401799,521
,521
68.60611463,522
,522
12.48635948,523
,523
69.81626316,524
,524
75.30179851,525
,525
14.49254361,526
,526
52.13571621,527
,527
48.86581696,528
,528
0.364667905,529
,529
55.18037009,530
,530
55.01223205,531
,531
1.087256852,532
,532
81.22830675,533
,533
80.71099803,534
,534
86.20017514,535
,535
84.17796028,536
,536
95.67591323,537
,537
14.50083816,538
,538
91.52862329,539
,539
92.65898323,540
,540
12.6512469,541
,541
13.83708642,542
,542
15.0343232,543
,543
1.856863727,544
,544
4.344676685,545
,545
5.971176669,546
,546
8.323184663,547
,547
13.24692026,548
,548
15.01178808,549
,549
12.98584411,550
,550
17.08756486,551
,551
19.42152909,552
,552
61.68885211,553
,553
64.52902546,554
,554
64.66756982,555
,555
14.26895253,556
,556
24.93013825,557
,557
38.55067304,558
,558
0,559
,559
1.224185961,560
,560
2.633257106,561
,561
1.932595354,562
,562
8.432863834,563
,563
11.40684881,564
,564
16.82928554,565
,565
35.53815083,566
,566
41.96438983,567
,567
2.917168593,568
,568
7.768371677,569
,569
14.74148388,570
,570
21.50977994,571
,571
20.96272395,572
,572
26.67806508,573
,573
0,574
,574
3.941726457,575
,575
7.774794319,576
,576
2.331533569,577
,577
15.28777504,578
,578
23.43579167,579
,579
15.69796379,580
,580
27.33482675,581
,581
34.44632451,582
,582
9.061926079,583
,583
20.11332693,584
,584
25.93974836,585
,585
2.968869757,586
,586
2.391870808,587
,587
20.86747592,588
,588
2.064063489,589
,589
11.1309805,590
,590
14.36693621,591
,591
9.085602443,592
,592
51.71538404,593
,593
53.23936389,594
,594
10.59565991,595
,595
12.24156469,596
,596
12.7214048,597
,597
20.53476821,598
,598
16.03639807,599
,599
19.29401032,600
,600
24.42152468,601
,601
35.72058232,602
,602
34.68866542,603
,603
1.299881507,604
,604
17.26980964,605
,605
28.37187434,606
,606
5.370036774,607
,607
37.71186321,608
,608
36.02889558,609
,609
32.92776022,610
,610
59.55262648,611
,611
57.6053748,612
,612
18.46342998,613
,613
36.80966237,614
,614
44.33084711,615
,615
26.52646529,616
,616
40.07198822,617
,617
44.04700483,618
,618
0.844427684,619
,619
10.60791195,620
,620
19.44976087,621
,621
4.67315366,622
,622
33.71090461,623
,623
58.95423439,624
,624
32.36907857,625
,625
58.30938102,626
,626
63.62909921,627
,627
15.1458408,628
,628
31.9937252,629
,629
53.36463944,630
,630
5.928429551,631
,631
9.302544665,632
,632
34.88077285,633
,633
0.47110416,634
,634
28.77482765,635
,635
35.21497708,636
,636
4.111488109,637
,637
64.27233548,638
,638
65.69456697,639
,639
14.11480355,640
,640
17.56349703,641
,641
15.1215994,642
,642
12.74466628,643
,643
14.21418921,644
,644
16.84841979,645
,645
19.58685815,646
,646
43.74297776,647
,647
41.13226409,648
,648
0.43718104,649
,649
23.41191123,650
,650
34.22871308,651
,651
2.005732083,652
,652
50.97511306,653
,653
50.54514481,654
,654
39.19022489,655
,655
59.13712916,656
,656
63.46127974,657
,657
14.56258268,658
,658
42.70687587,659
,659
51.1783537,660
,660
20.79893886,661
,661
44.03844861,662
,662
47.42870408,663
,663
0.389738186,664
,664
14.82994008,665
,665
27.38026406,666
,666
1.922791563,667
,667
42.32124218,668
,668
66.26745697,669
,669
38.26811211,670
,670
65.27849508,671
,671
69.51698512,672
,672
11.65114169,673
,673
35.81675951,674
,674
49.09682213,675
,675
14.56538038,676
,676
18.74350865,677
,677
19.60839775,678
,678
2.060581853,679
,679
16.39030586,680
,680
19.65840226,681
,681
6.853480142,682
,682
26.75645727,683
,683
27.04861196,684
,684
31.29909936,685
,685
35.2030282,686
,686
40.08669181,687
,687
68.76495224,688
,688
74.00970333,689
,689
70.58038327,690
,690
12.56300254,691
,691
47.02427089,692
,692
48.56121582,693
,693
0.529819216,694
,694
47.2768797,695
,695
55.19349187,696
,696
,697
,697
73.2728017,698
,698
77.78682066,699
,699
69.39495874,700
,700
84.60201966,701
,701
85.14015258,702
,702
12.48383732,703
,703
78.00495066,704
,704
83.73721982,705
,705
26.05284451,706
,706
53.83922891,707
,707
52.3137348,708
,708
3.500057239,709
,709
49.39865649,710
,710
56.13504943,711
,711
16.2490011,712
,712
79.87241595,713
,713
81.15116736,714
,714
88.44637346,715
,715
93.09950718,716
,716
99.99999,717
,717
36.89391539,718
,718
94.34623373,719
,719
93.02887198,720
,720
34.28672739,721
,721
51.07128287,722
,722
44.71241275,723
,723
1.112505085,724
,724
50.90618574,725
,725
54.23706048,726
,726
4.695061055,727
,727
83.3036144,728
,728
70.00785114,729
,729
52.85443039,730
,730
72.15476775,731
,731
73.13874552,732
,732
18.412337,733
,733
1.57607478,734
,734
1.834161249,735
,735
39.94694428,736
,736
54.22375463,737
,737
50.12467654,738
,738
1.102452884,739
,739
45.39654665,740
,740
51.57354724,741
,741
,742
,742
77.85802389,743
,743
80.13587028,744
,744
80.58863006,745
,745
86.2541164,746
,746
91.93340238,747
,747
49.30997149,748
,748
86.10507439,749
,749
88.16754027,750
,750
45.04099086,751
,751
52.01896484,752
,752
50.27132659,753
,753
1.402918235,754
,754
50.57898439,755
,755
51.23480839,756
,756
6.591475121,757
,757
83.09647392,758
,758
79.26160687,759
,759
86.19439925,760
,760
91.26694463,761
,761
95.38648822,762
,762
63.26443611,763
,763
94.87994774,764
,764
93.42111456,765
,765
31.76101887,766
,766
47.94242943,767
,767
42.81292825,768
,768
0.39886034,769
,769
45.57576479,770
,770
49.32093179,771
,771
3.622466468,772
,772
75.31115449,773
,773
67.19184926,774
,774
54.63079808,775
,775
63.14714159,776
,776
63.83709974,777
,777
20.39347896,778
,778
0,779
,779
0,780
,780
34.30918762,781
,781
52.55061961,782
,782
52.37811419,783
,783
0.695297498,784
,784
43.182647,785
,785
52.5635645,786
,786
3.012114112,787
,787
80.58281911,788
,788
81.02094948,789
,789
76.63515592,790
,790
88.44485055,791
,791
90.22793001,792
,792
30.758172,793
,793
85.68357471,794
,794
86.971127,795
,795
34.96627405,796
,796
,797
,797
,798
,798
0.97555089,799
,799
44.07099157,800
,800
48.93807733,801
,801
3.893641215,802
,802
79.05542624,803
,803
79.63886176,804
,804
86.00345438,805
,805
92.13719474,806
,806
91.51096876,807
,807
30.83522639,808
,808
92.72370704,809
,809
92.25602815,810
,810
9.322132163,811
,811
13.23389373,812
,812
12.65611523,813
,813
0.862512473,814
,814
11.12595571,815
,815
11.33541199,816
,816
3.848767902,817
,817
26.55673667,818
,818
25.42117806,819
,819
23.70056273,820
,820
25.95507424,821
,821
35.80276164,822
,822
66.85191048,823
,823
70.56509529,824
,824
66.6354412,825
,825
3.468901589,826
,826
31.17955703,827
,827
44.26289513,828
,828
0,829
,829
11.31352123,830
,830
33.79435982,831
,831
0,832
,832
36.54381967,833
,833
78.50560016,834
,834
32.19059222,835
,835
55.46040564,836
,836
81.63511603,837
,837
4.546243303,838
,838
60.54913452,839
,839
71.15077458,840
,840
22.42347536,841
,841
41.46468331,842
,842
54.24578847,843
,843
1.581660756,844
,844
20.76458994,845
,845
36.05750203,846
,846
7.805738503,847
,847
52.90774845,848
,848
83.29437838,849
,849
50.80872036,850
,850
71.49385038,851
,851
99.99999,852
,852
29.94942755,853
,853
80.02767877,854
,854
88.40427326,855
,855
7.021683633,856
,856
32.41068171,857
,857
34.60429695,858
,858
0.51807887,859
,859
38.44240466,860
,860
50.89816476,861
,861
5.429390182,862
,862
70.22907456,863
,863
73.4448659,864
,864
68.99091328,865
,865
87.93113193,866
,866
89.46707858,867
,867
6.160292213,868
,868
4.80921591,869
,869
4.592618792,870
,870
25.85124884,871
,871
48.4805474,872
,872
47.29404915,873
,873
0.682447226,874
,874
40.82349272,875
,875
45.50089871,876
,876
2.461539411,877
,877
73.58359974,878
,878
79.18190676,879
,879
78.17281005,880
,880
84.44355873,881
,881
91.20970452,882
,882
40.48243437,883
,883
78.37132703,884
,884
,885
,885
23.89038147,886
,886
46.79588748,887
,887
46.14092963,888
,888
0.81239337,889
,889
34.83452753,890
,890
44.26066466,891
,891
9.034825048,892
,892
74.23566846,893
,893
78.10978605,894
,894
86.12188158,895
,895
87.95919128,896
,896
92.35381549,897
,897
42.37662469,898
,898
89.5866498,899
,899
88.35188783,900
,900
1.039364305,901
,901
23.78240992,902
,902
28.58196621,903
,903
0,904
,904
44.72607544,905
,905
37.40734019,906
,906
7.259312325,907
,907
68.29340203,908
,908
71.5462211,909
,909
69.08248124,910
,910
88.30829539,911
,911
92.90401218,912
,912
1.691952122,913
,913
0.955483806,914
,914
0.597977578,915
,915
13.50296194,916
,916
48.49744103,917
,917
50.86308576,918
,918
0,919
,919
47.57684436,920
,920
54.42113597,921
,921
0,922
,922
77.66498135,923
,923
81.47790375,924
,924
63.40623793,925
,925
77.4707991,926
,926
90.37135809,927
,927
13.89042777,928
,928
81.62368897,929
,929
83.33821324,930
,930
18.21528105,931
,931
49.51819322,932
,932
47.67937659,933
,933
0.354218547,934
,934
48.43208177,935
,935
43.57558027,936
,936
4.228381568,937
,937
79.45834404,938
,938
79.06108402,939
,939
87.76406197,940
,940
93.03255731,941
,941
98.84920594,942
,942
14.59032311,943
,943
93.74857618,944
,944
93.10117477,945
,945
9.062775444,946
,946
13.5242012,947
,947
13.8481868,948
,948
1.858564029,949
,949
13.88581248,950
,950
16.72117045,951
,951
6.264897465,952
,952
23.31600153,953
,953
26.3918508,954
,954
19.27582448,955
,955
20.15990301,956
,956
27.24737039,957
,957
68.47251074,958
,958
71.41375314,959
,959
68.57486471,960
,960
3.309805744,961
,961
19.84794125,962
,962
35.66483427,963
,963
0,964
,964
15.1448727,965
,965
47.46105675,966
,966
0.620480408,967
,967
27.30055458,968
,968
67.48065191,969
,969
17.3168226,970
,970
16.25514799,971
,971
50.42857568,972
,972
4.713893798,973
,973
45.27091516,974
,974
58.943816,975
,975
20.59737033,976
,976
33.22033214,977
,977
48.38997285,978
,978
2.018550488,979
,979
28.52881836,980
,980
49.32388819,981
,981
7.120028255,982
,982
49.40490981,983
,983
74.16554821,984
,984
44.47903411,985
,985
59.28097568,986
,986
81.51017538,987
,987
28.30443344,988
,988
68.89095082,989
,989
84.40270662,990
,990
5.298717423,991
,991
41.59326244,992
,992
44.78270058,993
,993
1.262424529,994
,994
53.17975334,995
,995
54.63240731,996
,996
4.246823607,997
,997
82.46360414,998
,998
79.07623711,999
,999
74.61155282,1000
,1000
83.37705512,1001
,1001
91.37329051,1002
,1002
9.147761663,1003
,1003
1.707595349,1004
,1004
2.733728741,1005
,1005
25.8434488,1006
,1006
48.06786456,1007
,1007
48.00212967,1008
,1008
0.85894734,1009
,1009
46.19696168,1010
,1010
51.39664392,1011
,1011
2.615785832,1012
,1012
73.85492194,1013
,1013
78.46972259,1014
,1014
61.91869342,1015
,1015
66.70576357,1016
,1016
69.8410056,1017
,1017
35.8579046,1018
,1018
81.6084941,1019
,1019
84.5566149,1020
,1020
28.68684159,1021
,1021
53.85457225,1022
,1022
55.16379105,1023
,1023
1.068125406,1024
,1024
54.23706273,1025
,1025
50.10376029,1026
,1026
3.135484875,1027
,1027
80.39591728,1028
,1028
82.63071562,1029
,1029
89.88953077,1030
,1030
92.89765441,1031
,1031
94.14846732,1032
,1032
41.58551371,1033
,1033
95.12897845,1034
,1034
92.39124083,1035
,1035
1.261091862,1036
,1036
12.61696696,1037
,1037
36.64285561,1038
,1038
0,1039
,1039
52.34346738,1040
,1040
57.08877056,1041
,1041
1.117675591,1042
,1042
83.14947865,1043
,1043
82.84063003,1044
,1044
80.49152522,1045
,1045
89.89767813,1046
,1046
94.29690562,1047
,1047
2.241763673,1048
,1048
1.826315609,1049
,1049
0.747631534,1050
,1050
9.328786223,1051
,1051
45.92980056,1052
,1052
52.24472601,1053
,1053
0.338169234,1054
,1054
43.34412585,1055
,1055
53.38444046,1056
,1056
0.841459123,1057
,1057
72.1822742,1058
,1058
83.93941968,1059
,1059
38.32865111,1060
,1060
59.55424843,1061
,1061
77.75555198,1062
,1062
11.79076705,1063
,1063
83.93526521,1064
,1064
90.73131654,1065
,1065
12.78013721,1066
,1066
49.15372199,1067
,1067
55.56585889,1068
,1068
0.355367929,1069
,1069
50.10834683,1070
,1070
53.33497035,1071
,1071
0.968826586,1072
,1072
80.68492948,1073
,1073
83.05466982,1074
,1074
81.37846659,1075
,1075
89.47412112,1076
,1076
95.75260589,1077
,1077
9.967076399,1078
,1078
86.08980917,1079
,1079
94.54981251,1080
,1080
11.59050003,1081
,1081
12.36887401,1082
,1082
16.16257939,1083
,1083
1.729864191,1084
,1084
4.215754471,1085
,1085
4.112217946,1086
,1086
7.911192525,1087
,1087
13.99630758,1088
,1088
18.40781284,1089
,1089
13.98755594,1090
,1090
20.04239857,1091
,1091
19.49452071,1092
,1092
9.474964289,1093
,1093
10.26328927,1094
,1094
14.9442896,1095
,1095
15.11582189,1096
,1096
28.39895545,1097
,1097
34.38141407,1098
,1098
0.377050084,1099
,1099
9.043513945,1100
,1100
13.524053,1101
,1101
3.045865819,1102
,1102
26.51530021,1103
,1103
28.15132537,1104
,1104
22.49487977,1105
,1105
37.83294904,1106
,1106
43.37501152,1107
,1107
10.00638892,1108
,1108
21.4669222,1109
,1109
32.75793304,1110
,1110
11.65330714,1111
,1111
22.58353247,1112
,1112
35.26155109,1113
,1113
0.275668441,1114
,1114
4.057606054,1115
,1115
8.039691846,1116
,1116
2.547971795,1117
,1117
17.09448081,1118
,1118
30.59514524,1119
,1119
26.31222578,1120
,1120
50.09944792,1121
,1121
55.00354925,1122
,1122
6.968929302,1123
,1123
18.1188647,1124
,1124
29.06844689,1125
,1125
1.25144582,1126
,1126
8.110761371,1127
,1127
9.109122278,1128
,1128
0.121773863,1129
,1129
3.267294839,1130
,1130
9.105544009,1131
,1131
0.689951869,1132
,1132
8.876631997,1133
,1133
6.083579291,1134
,1134
7.972544215,1135
,1135
11.17697809,1136
,1136
13.03686492,1137
,1137
3.23775549,1138
,1138
7.996830791,1139
,1139
9.676524882,1140
,1140
0,1141
,1141
3.342369627,1142
,1142
23.70536277,1143
,1143
0,1144
,1144
0,1145
,1145
1.742923089,1146
,1146
0,1147
,1147
1.132043957,1148
,1148
4.889819476,1149
,1149
4.510171982,1150
,1150
34.38173794,1151
,1151
42.29478749,1152
,1152
0,1153
,1153
5.948041851,1154
,1154
8.970807298,1155
,1155
0,1156
,1156
3.074612079,1157
,1157
14.24693951,1158
,1158
0,1159
,1159
0,1160
,1160
0.878081853,1161
,1161
0,1162
,1162
0.830867403,1163
,1163
2.902396599,1164
,1164
6.536001371,1165
,1165
46.5446166,1166
,1166
46.08846314,1167
,1167
0,1168
,1168
3.074693717,1169
,1169
5.085670913,1170
,1170
18.46507819,1171
,1171
13.47157217,1172
,1172
37.38354754,1173
,1173
1.208332351,1174
,1174
39.67142934,1175
,1175
41.17834608,1176
,1176
10.30004263,1177
,1177
61.72597738,1178
,1178
62.91956913,1179
,1179
19.78619625,1180
,1180
23.5354934,1181
,1181
21.9180702,1182
,1182
47.96214472,1183
,1183
27.15198165,1184
,1184
76.45126838,1185
,1185
0,1186
,1186
30.36311877,1187
,1187
31.86956379,1188
,1188
0.542497492,1189
,1189
14.09805788,1190
,1190
17.10738006,1191
,1191
3.019148584,1192
,1192
33.44114491,1193
,1193
35.15374563,1194
,1194
24.23900204,1195
,1195
43.49187499,1196
,1196
48.23965662,1197
,1197
14.0670777,1198
,1198
26.30947521,1199
,1199
35.92744664,1200
,1200
12.90070345,1201
,1201
25.0144043,1202
,1202
42.53147932,1203
,1203
0.44794504,1204
,1204
12.94497014,1205
,1205
24.71545556,1206
,1206
2.841459947,1207
,1207
36.58244249,1208
,1208
64.13599101,1209
,1209
32.16531055,1210
,1210
51.64764803,1211
,1211
58.39892185,1212
,1212
13.37572764,1213
,1213
30.61273502,1214
,1214
47.66948987,1215
,1215
9.055172217,1216
,1216
8.916453721,1217
,1217
8.674987339,1218
,1218
1.468935867,1219
,1219
2.627491811,1220
,1220
4.471163192,1221
,1221
6.90640733,1222
,1222
8.653540466,1223
,1223
10.22354965,1224
,1224
7.147436012,1225
,1225
9.80291595,1226
,1226
10.13794025,1227
,1227
3.031273928,1228
,1228
4.546819288,1229
,1229
8.546147234,1230
,1230
7.131859569,1231
,1231
17.58389829,1232
,1232
26.35991815,1233
,1233
0,1234
,1234
0.665064231,1235
,1235
2.871965335,1236
,1236
0,1237
,1237
4.892554111,1238
,1238
8.121165956,1239
,1239
11.68964545,1240
,1240
24.97534285,1241
,1241
29.2582978,1242
,1242
0.894637207,1243
,1243
2.546576237,1244
,1244
7.473385241,1245
,1245
9.967512853,1246
,1246
17.78386933,1247
,1247
18.90594075,1248
,1248
0,1249
,1249
2.785991996,1250
,1250
3.936030958,1251
,1251
3.462173057,1252
,1252
12.57060724,1253
,1253
12.67179243,1254
,1254
14.22488447,1255
,1255
19.78249574,1256
,1256
23.41994655,1257
,1257
6.131625875,1258
,1258
9.894361569,1259
,1259
12.53742021,1260
,1260
9.616112883,1261
,1261
13.66496862,1262
,1262
11.85429164,1263
,1263
2.579332416,1264
,1264
16.4358293,1265
,1265
18.29616546,1266
,1266
2.889330361,1267
,1267
19.25650723,1268
,1268
19.42489921,1269
,1269
30.38899776,1270
,1270
38.88072897,1271
,1271
40.27887601,1272
,1272
11.94269708,1273
,1273
21.93776353,1274
,1274
23.04134387,1275
,1275
10.309392,1276
,1276
32.25917309,1277
,1277
36.38251036,1278
,1278
0.321740184,1279
,1279
33.60384304,1280
,1280
42.00742206,1281
,1281
1.095223411,1282
,1282
52.43953497,1283
,1283
54.90007838,1284
,1284
54.22895975,1285
,1285
63.56431346,1286
,1286
63.2869505,1287
,1287
12.05436323,1288
,1288
57.02971842,1289
,1289
54.65489395,1290
,1290
23.76547665,1291
,1291
35.88987774,1292
,1292
46.36906778,1293
,1293
0.857255308,1294
,1294
44.39407022,1295
,1295
53.10447809,1296
,1296
5.49871711,1297
,1297
68.26027768,1298
,1298
67.19924832,1299
,1299
73.07610721,1300
,1300
81.15618498,1301
,1301
79.52732954,1302
,1302
39.62688642,1303
,1303
82.02772208,1304
,1304
86.76211847,1305
,1305
10.05139356,1306
,1306
12.33593597,1307
,1307
10.49048013,1308
,1308
0.970983294,1309
,1309
13.33701887,1310
,1310
17.14482537,1311
,1311
4.522238884,1312
,1312
14.62829911,1313
,1313
13.95628888,1314
,1314
19.47556274,1315
,1315
21.66443641,1316
,1316
18.99441923,1317
,1317
12.14875689,1318
,1318
14.44407911,1319
,1319
11.72782605,1320
,1320
0.330501293,1321
,1321
5.800095284,1322
,1322
9.518190042,1323
,1323
0,1324
,1324
6.77799041,1325
,1325
14.9053934,1326
,1326
0,1327
,1327
12.68915479,1328
,1328
30.40581968,1329
,1329
8.246523526,1330
,1330
36.7072802,1331
,1331
54.29333472,1332
,1332
0,1333
,1333
19.13564251,1334
,1334
13.7385945,1335
,1335
0.419612341,1336
,1336
11.85943612,1337
,1337
33.82793233,1338
,1338
0,1339
,1339
13.87014343,1340
,1340
33.28584241,1341
,1341
0,1342
,1342
24.59821074,1343
,1343
66.86881109,1344
,1344
14.03184959,1345
,1345
60.85990802,1346
,1346
80.53864746,1347
,1347
0,1348
,1348
46.74806516,1349
,1349
45.53588257,1350
,1350
21.18588073,1351
,1351
23.00642082,1352
,1352
39.51659226,1353
,1353
2.048615833,1354
,1354
44.92520247,1355
,1355
47.05254638,1356
,1356
13.82100293,1357
,1357
72.6088082,1358
,1358
69.38989345,1359
,1359
62.426823,1360
,1360
76.21686958,1361
,1361
70.35430221,1362
,1362
59.99235473,1363
,1363
75.38356191,1364
,1364
78.29631742,1365
,1365
26.29043032,1366
,1366
34.77458228,1367
,1367
37.39782282,1368
,1368
0.96264489,1369
,1369
39.32908802,1370
,1370
40.32887688,1371
,1371
4.451923676,1372
,1372
61.04819615,1373
,1373
59.7575144,1374
,1374
57.84627264,1375
,1375
65.93366748,1376
,1376
63.71103229,1377
,1377
38.01577432,1378
,1378
66.0578891,1379
,1379
62.40731324,1380
,1380
28.72536954,1381
,1381
34.91231211,1382
,1382
45.90687609,1383
,1383
1.413781414,1384
,1384
50.43757677,1385
,1385
52.0133379,1386
,1386
5.620589612,1387
,1387
73.06292012,1388
,1388
75.59377488,1389
,1389
76.3025428,1390
,1390
80.02551627,1391
,1391
83.65366275,1392
,1392
45.11238212,1393
,1393
78.61845192,1394
,1394
84.40416295,1395
,1395
8.912186757,1396
,1396
10.72342611,1397
,1397
11.81277895,1398
,1398
1.84960131,1399
,1399
9.065649451,1400
,1400
13.83920399,1401
,1401
4.278834497,1402
,1402
16.48404533,1403
,1403
17.45236147,1404
,1404
18.18990312,1405
,1405
23.65087488,1406
,1406
26.69194458,1407
,1407
8.194090633,1408
,1408
14.81646107,1409
,1409
16.67869351,1410
,1410
4.385154303,1411
,1411
27.07281953,1412
,1412
30.11809644,1413
,1413
0,1414
,1414
25.94022732,1415
,1415
35.19969401,1416
,1416
0.478819391,1417
,1417
47.92550874,1418
,1418
50.62222146,1419
,1419
38.10999093,1420
,1420
54.30595244,1421
,1421
57.95225277,1422
,1422
3.496970929,1423
,1423
46.50216111,1424
,1424
49.89638876,1425
,1425
14.03295033,1426
,1426
33.32323005,1427
,1427
44.03901684,1428
,1428
4.510108394,1429
,1429
31.15457228,1430
,1430
42.55967392,1431
,1431
16.12823791,1432
,1432
58.864107,1433
,1433
61.87528527,1434
,1434
63.35366236,1435
,1435
81.85780625,1436
,1436
86.21496371,1437
,1437
26.57993699,1438
,1438
73.72948461,1439
,1439
77.85078652,1440
,1440
3.167837071,1441
,1441
1.983204496,1442
,1442
2.106143629,1443
,1443
0.295056228,1444
,1444
9.853260903,1445
,1445
9.685019183,1446
,1446
2.658633939,1447
,1447
14.46737016,1448
,1448
17.15607423,1449
,1449
28.40072634,1450
,1450
32.01759643,1451
,1451
39.75657581,1452
,1452
1.859601121,1453
,1453
3.947187556,1454
,1454
5.007207988,1455
,1455
2.874679313,1456
,1456
28.48464058,1457
,1457
35.59381518,1458
,1458
0,1459
,1459
19.70724871,1460
,1460
37.2145199,1461
,1461
5.479660726,1462
,1462
38.82629912,1463
,1463
64.96884309,1464
,1464
42.31281665,1465
,1465
57.9744807,1466
,1466
65.15148191,1467
,1467
3.551606076,1468
,1468
53.91867484,1469
,1469
62.34681732,1470
,1470
4.68080841,1471
,1471
29.59583126,1472
,1472
43.56818344,1473
,1473
0,1474
,1474
35.46998729,1475
,1475
49.74093184,1476
,1476
5.688672061,1477
,1477
64.99704829,1478
,1478
75.71719698,1479
,1479
77.92695821,1480
,1480
88.82757824,1481
,1481
84.31065923,1482
,1482
8.955957809,1483
,1483
80.64990682,1484
,1484
92.20931063,1485
,1485
2.887815395,1486
,1486
11.65626027,1487
,1487
12.51034862,1488
,1488
0.1532428,1489
,1489
10.4212352,1490
,1490
15.44371593,1491
,1491
1.034854608,1492
,1492
15.70792465,1493
,1493
11.23128528,1494
,1494
13.20129952,1495
,1495
14.46827704,1496
,1496
13.88482007,1497
,1497
6.968372781,1498
,1498
15.40870509,1499
,1499
14.85665703,1500
,1500
0,1501
,1501
4.220973073,1502
,1502
11.98186799,1503
,1503
0,1504
,1504
3.378377543,1505
,1505
15.30703648,1506
,1506
3.549284452,1507
,1507
7.705318498,1508
,1508
41.94054392,1509
,1509
9.609943508,1510
,1510
15.35251148,1511
,1511
43.16671419,1512
,1512
0,1513
,1513
11.61765415,1514
,1514
12.24697181,1515
,1515
0.413827697,1516
,1516
9.508022367,1517
,1517
32.14841463,1518
,1518
0,1519
,1519
7.275251821,1520
,1520
35.33585167,1521
,1521
3.20619178,1522
,1522
16.32124134,1523
,1523
73.16269955,1524
,1524
21.81045338,1525
,1525
48.23235239,1526
,1526
78.78970759,1527
,1527
0,1528
,1528
12.90161423,1529
,1529
26.6793303,1530
,1530
8.171441334,1531
,1531
19.65092582,1532
,1532
39.13544884,1533
,1533
0,1534
,1534
47.81434881,1535
,1535
48.36396181,1536
,1536
1.372286353,1537
,1537
67.28395541,1538
,1538
74.23518284,1539
,1539
73.53944548,1540
,1540
79.65524299,1541
,1541
84.58893866,1542
,1542
8.990373152,1543
,1543
48.47717448,1544
,1544
70.14574928,1545
,1545
16.06858475,1546
,1546
33.41994964,1547
,1547
36.38014621,1548
,1548
0.35921569,1549
,1549
38.49679424,1550
,1550
40.47969677,1551
,1551
5.094725505,1552
,1552
59.16896654,1553
,1553
65.19833527,1554
,1554
57.83107149,1555
,1555
62.53871196,1556
,1556
65.59087383,1557
,1557
21.23653704,1558
,1558
61.27839379,1559
,1559
63.81281277,1560
,1560
14.2414228,1561
,1561
33.56777138,1562
,1562
45.52244321,1563
,1563
0.49264217,1564
,1564
52.14134094,1565
,1565
49.57379186,1566
,1566
7.18319285,1567
,1567
75.03674068,1568
,1568
79.76639273,1569
,1569
79.07949659,1570
,1570
86.78620377,1571
,1571
89.32312927,1572
,1572
20.99661905,1573
,1573
86.07412603,1574
,1574
93.58777419,1575
,1575
6.945630993,1576
,1576
8.368171473,1577
,1577
10.75855339,1578
,1578
0.5287627,1579
,1579
9.492103343,1580
,1580
12.42396719,1581
,1581
3.257714985,1582
,1582
15.67304028,1583
,1583
16.97838607,1584
,1584
16.31613355,1585
,1585
19.93006899,1586
,1586
24.6686189,1587
,1587
7.371601311,1588
,1588
10.88559026,1589
,1589
13.1837798,1590
,1590
0.871820746,1591
,1591
10.20185762,1592
,1592
28.77460219,1593
,1593
0,1594
,1594
4.728362295,1595
,1595
35.24488191,1596
,1596
4.103392125,1597
,1597
10.36729294,1598
,1598
56.21933491,1599
,1599
13.57914578,1600
,1600
24.95867786,1601
,1601
49.7806525,1602
,1602
0,1603
,1603
26.20309393,1604
,1604
40.57039192,1605
,1605
7.387205125,1606
,1606
22.3492694,1607
,1607
47.05511825,1608
,1608
0.987020024,1609
,1609
17.55880282,1610
,1610
43.58283319,1611
,1611
12.47762059,1612
,1612
32.02304313,1613
,1613
72.70979963,1614
,1614
36.05565123,1615
,1615
46.16924796,1616
,1616
87.75322874,1617
,1617
24.93118771,1618
,1618
45.52509107,1619
,1619
70.18702806,1620
,1620
1.918248424,1621
,1621
2.933858815,1622
,1622
3.446957245,1623
,1623
0,1624
,1624
7.829216765,1625
,1625
11.24955158,1626
,1626
0.628858286,1627
,1627
12.30029297,1628
,1628
17.30024922,1629
,1629
17.08713871,1630
,1630
21.75875381,1631
,1631
27.05720868,1632
,1632
2.029011587,1633
,1633
3.679918653,1634
,1634
5.39705828,1635
,1635
3.399446884,1636
,1636
24.03126631,1637
,1637
37.04718214,1638
,1638
0,1639
,1639
20.36820588,1640
,1640
37.1376218,1641
,1641
0.375286042,1642
,1642
34.22216946,1643
,1643
60.33199916,1644
,1644
28.41978949,1645
,1645
37.45572206,1646
,1646
46.33728613,1647
,1647
3.063860217,1648
,1648
43.8122723,1649
,1649
54.92415457,1650
,1650
7.259820865,1651
,1651
29.47262424,1652
,1652
47.11942721,1653
,1653
0.382305168,1654
,1654
42.90896956,1655
,1655
50.10463357,1656
,1656
1.379250532,1657
,1657
66.71317285,1658
,1658
76.22505116,1659
,1659
70.04834525,1660
,1660
82.57086092,1661
,1661
90.31730943,1662
,1662
11.31144666,1663
,1663
79.68761126,1664
,1664
91.69839995,1665
,1665
1.069060713,1666
,1666
5.105134806,1667
,1667
3.280980517,1668
,1668
0,1669
,1669
3.302452152,1670
,1670
11.0075153,1671
,1671
0.836644888,1672
,1672
7.242678118,1673
,1673
7.957289224,1674
,1674
5.427048525,1675
,1675
4.952408524,1676
,1676
6.244420828,1677
,1677
0.750246803,1678
,1678
5.82300352,1679
,1679
6.214566797,1680
,1680
0,1681
,1681
3.160193721,1682
,1682
8.104754995,1683
,1683
0,1684
,1684
2.004686227,1685
,1685
6.894237827,1686
,1686
0,1687
,1687
4.677881799,1688
,1688
16.33859929,1689
,1689
3.547951578,1690
,1690
7.467378263,1691
,1691
15.10235685,1692
,1692
0,1693
,1693
6.275458681,1694
,1694
6.702513015,1695
,1695
0.299153601,1696
,1696
6.9479336,1697
,1697
39.56647024,1698
,1698
0,1699
,1699
4.988380083,1700
,1700
39.27719826,1701
,1701
0,1702
,1702
10.46965924,1703
,1703
70.2716235,1704
,1704
13.55922704,1705
,1705
36.35900481,1706
,1706
79.01720716,1707
,1707
0,1708
,1708
14.39054676,1709
,1709
47.30915738,1710
,1710
1.831351486,1711
,1711
9.025273637,1712
,1712
31.74709006,1713
,1713
0,1714
,1714
45.98289688,1715
,1715
46.93920076,1716
,1716
0.66547915,1717
,1717
61.80395318,1718
,1718
68.3339655,1719
,1719
70.41045785,1720
,1720
77.6347291,1721
,1721
79.76966371,1722
,1722
1.779970363,1723
,1723
31.49662818,1724
,1724
70.31871872,1725
,1725
9.550418032,1726
,1726
33.30841773,1727
,1727
34.84480888,1728
,1728
0.319224301,1729
,1729
31.39385907,1730
,1730
35.25588385,1731
,1731
1.279456438,1732
,1732
50.41927701,1733
,1733
57.65452227,1734
,1734
33.09635306,1735
,1735
40.91072057,1736
,1736
46.38749412,1737
,1737
13.31813914,1738
,1738
53.12382569,1739
,1739
57.26273694,1740
,1740
10.68115857,1741
,1741
33.95037625,1742
,1742
47.09445645,1743
,1743
0.492662711,1744
,1744
48.41843845,1745
,1745
50.21013597,1746
,1746
1.542228309,1747
,1747
74.39518038,1748
,1748
76.98654081,1749
,1749
75.55480498,1750
,1750
87.36384149,1751
,1751
86.76065944,1752
,1752
11.83956232,1753
,1753
83.80386815,1754
,1754
92.12702212,1755
,1755
3.449624718,1756
,1756
3.932288397,1757
,1757
5.419599738,1758
,1758
0,1759
,1759
4.7783658,1760
,1760
8.071196301,1761
,1761
0.526967727,1762
,1762
9.746425367,1763
,1763
14.43785417,1764
,1764
8.586375019,1765
,1765
11.06445724,1766
,1766
15.42196799,1767
,1767
2.238996806,1768
,1768
8.862814974,1769
,1769
10.8296376,1770
,1770
0.432282788,1771
,1771
4.469322068,1772
,1772
18.53801466,1773
,1773
0,1774
,1774
3.046255894,1775
,1775
24.02218457,1776
,1776
0,1777
,1777
5.605744575,1778
,1778
39.2434395,1779
,1779
3.747141461,1780
,1780
6.703331473,1781
,1781
17.35228888,1782
,1782
0,1783
,1783
12.57405954,1784
,1784
29.29764197,1785
,1785
6.92498784,1786
,1786
19.60222309,1787
,1787
43.94123378,1788
,1788
1.061200258,1789
,1789
17.8480573,1790
,1790
39.0058585,1791
,1791
2.373221649,1792
,1792
29.36083658,1793
,1793
68.1907703,1794
,1794
29.35743486,1795
,1795
35.64598437,1796
,1796
77.54677515,1797
,1797
7.732563505,1798
,1798
36.03481726,1799
,1799
63.99072189,1800
,1800
0,1801
,1801
0.296524645,1802
,1802
0,1803
,1803
0,1804
,1804
0,1805
,1805
0,1806
,1806
0,1807
,1807
0,1808
,1808
0,1809
,1809
0,1810
,1810
0,1811
,1811
0,1812
,1812
0,1813
,1813
0,1814
,1814
0,1815
,1815
17.36491347,1816
,1816
27.46647446,1817
,1817
34.89767991,1818
,1818
0.426836265,1819
,1819
9.912732719,1820
,1820
21.7977125,1821
,1821
2.86790041,1822
,1822
34.68012306,1823
,1823
42.17741181,1824
,1824
26.14998957,1825
,1825
49.4018977,1826
,1826
40.9724255,1827
,1827
11.67138777,1828
,1828
26.55730378,1829
,1829
38.4179882,1830
,1830
18.14790513,1831
,1831
31.22142105,1832
,1832
45.90521481,1833
,1833
0.344428756,1834
,1834
6.408110436,1835
,1835
15.48048004,1836
,1836
2.68757234,1837
,1837
23.14452899,1838
,1838
50.86354716,1839
,1839
28.88381703,1840
,1840
51.52656955,1841
,1841
59.0740653,1842
,1842
8.431077782,1843
,1843
22.07470925,1844
,1844
34.74690376,1845
,1845
11.13292009,1846
,1846
15.0324858,1847
,1847
14.02259716,1848
,1848
3.02090007,1849
,1849
9.070205476,1850
,1850
6.999679881,1851
,1851
14.86219247,1852
,1852
19.33424545,1853
,1853
12.44362591,1854
,1854
12.438351,1855
,1855
18.58444117,1856
,1856
17.39978172,1857
,1857
17.22825534,1858
,1858
8.798104801,1859
,1859
11.59336493,1860
,1860
2.550915003,1861
,1861
9.795326165,1862
,1862
19.55154349,1863
,1863
0,1864
,1864
0.602239969,1865
,1865
2.613234135,1866
,1866
0,1867
,1867
3.339136515,1868
,1868
3.546985039,1869
,1869
10.00194934,1870
,1870
18.5257144,1871
,1871
21.49059564,1872
,1872
1.445871909,1873
,1873
0.929191796,1874
,1874
3.66151941,1875
,1875
10.78337463,1876
,1876
27.09846988,1877
,1877
23.3532112,1878
,1878
0,1879
,1879
5.298016227,1880
,1880
10.26938874,1881
,1881
1.52899949,1882
,1882
19.26994536,1883
,1883
30.9794262,1884
,1884
18.83260332,1885
,1885
28.69582004,1886
,1886
28.02951353,1887
,1887
4.247160433,1888
,1888
18.76658525,1889
,1889
26.7561311,1890
,1890
0.522267307,1891
,1891
0,1892
,1892
0,1893
,1893
0,1894
,1894
0,1895
,1895
0,1896
,1896
0,1897
,1897
0,1898
,1898
0,1899
,1899
0,1900
,1900
0,1901
,1901
0,1902
,1902
0,1903
,1903
0,1904
,1904
0,1905
,1905
0.757519124,1906
,1906
0.546791384,1907
,1907
0.70766924,1908
,1908
0,1909
,1909
0,1910
,1910
1.933202382,1911
,1911
0,1912
,1912
1.204026973,1913
,1913
0.602410789,1914
,1914
0,1915
,1915
1.437346554,1916
,1916
1.530768374,1917
,1917
0,1918
,1918
0,1919
,1919
0.027450906,1920
,1920
16.82018282,1921
,1921
21.42393699,1922
,1922
19.15166059,1923
,1923
0.423167396,1924
,1924
4.73013199,1925
,1925
9.35930625,1926
,1926
3.525705852,1927
,1927
17.85871647,1928
,1928
21.48672588,1929
,1929
7.156167613,1930
,1930
11.85200713,1931
,1931
13.49999802,1932
,1932
4.333466821,1933
,1933
12.51722888,1934
,1934
18.54827099,1935
,1935
16.76617673,1936
,1936
27.47304315,1937
,1937
35.89724622,1938
,1938
0.850358426,1939
,1939
9.607508599,1940
,1940
11.82938133,1941
,1941
8.822068949,1942
,1942
25.87549138,1943
,1943
34.29689514,1944
,1944
17.200701,1945
,1945
24.04057337,1946
,1946
23.94536549,1947
,1947
15.22072074,1948
,1948
20.45508721,1949
,1949
28.5480245,1950
,1950
13.87079949,1951
,1951
22.22290277,1952
,1952
26.64038865,1953
,1953
0,1954
,1954
1.629425083,1955
,1955
2.128691227,1956
,1956
2.570236026,1957
,1957
8.384736601,1958
,1958
11.20904607,1959
,1959
6.819997972,1960
,1960
13.1450619,1961
,1961
12.68763797,1962
,1962
3.235819119,1963
,1963
5.972926182,1964
,1964
8.041639597,1965
,1965
18.97711675,1966
,1966
28.60232004,1967
,1967
40.27113975,1968
,1968
0,1969
,1969
1.79441071,1970
,1970
2.066222749,1971
,1971
5.163801227,1972
,1972
11.8907701,1973
,1973
29.83775681,1974
,1974
16.58042552,1975
,1975
26.94242513,1976
,1976
27.31009438,1977
,1977
5.543745956,1978
,1978
10.25341715,1979
,1979
14.86685885,1980
,1980
0,1981
,1981
0,1982
,1982
0,1983
,1983
0,1984
,1984
0.801086523,1985
,1985
2.97427716,1986
,1986
0,1987
,1987
1.599458738,1988
,1988
2.601590615,1989
,1989
3.510094374,1990
,1990
8.008432112,1991
,1991
9.011992674,1992
,1992
0,1993
,1993
0,1994
,1994
1.171055965,1995
,1995
24.21309665,1996
,1996
35.9238924,1997
,1997
35.32665147,1998
,1998
0.553507484,1999
,1999
36.52871122,2000
,2000
40.65115531,2001
,2001
2.408749938,2002
,2002
56.8433722,2003
,2003
58.99233401,2004
,2004
60.26102193,2005
,2005
60.25206697,2006
,2006
63.42879895,2007
,2007
25.82773903,2008
,2008
60.28357539,2009
,2009
61.92858478,2010
,2010
28.1327933,2011
,2011
40.09723237,2012
,2012
48.69500261,2013
,2013
0.723968187,2014
,2014
51.38895599,2015
,2015
56.62080434,2016
,2016
2.853941347,2017
,2017
73.31932313,2018
,2018
74.44046437,2019
,2019
81.53694628,2020
,2020
85.40177854,2021
,2021
88.51390693,2022
,2022
31.87466664,2023
,2023
85.8122803,2024
,2024
83.31333267,2025
,2025
13.02655322,2026
,2026
16.09836574,2027
,2027
15.87410565,2028
,2028
1.879419954,2029
,2029
14.85699263,2030
,2030
19.37897224,2031
,2031
4.57865157,2032
,2032
22.0084522,2033
,2033
22.22340072,2034
,2034
21.68221926,2035
,2035
35.06478929,2036
,2036
30.72459608,2037
,2037
10.88472418,2038
,2038
21.37540077,2039
,2039
23.67114189,2040
,2040
0.747411772,2041
,2041
9.794715203,2042
,2042
23.9717282,2043
,2043
0,2044
,2044
6.683677134,2045
,2045
25.46788478,2046
,2046
0,2047
,2047
14.43583555,2048
,2048
41.96736477,2049
,2049
12.36409536,2050
,2050
33.74087377,2051
,2051
44.53583158,2052
,2052
0,2053
,2053
30.43973822,2054
,2054
39.10680932,2055
,2055
22.894141,2056
,2056
27.11496768,2057
,2057
41.66866973,2058
,2058
2.863405084,2059
,2059
21.62255716,2060
,2060
35.07362546,2061
,2061
13.56968075,2062
,2062
44.1778543,2063
,2063
61.5016932,2064
,2064
48.36115435,2065
,2065
61.11611165,2066
,2066
70.86807008,2067
,2067
39.35843617,2068
,2068
54.8424453,2069
,2069
60.06619639,2070
,2070
1.009269411,2071
,2071
5.034974824,2072
,2072
4.765281768,2073
,2073
0.359225753,2074
,2074
4.621114909,2075
,2075
3.876829723,2076
,2076
0.400015161,2077
,2077
5.425616594,2078
,2078
8.36792795,2079
,2079
3.451949517,2080
,2080
4.84059533,2081
,2081
10.03634536,2082
,2082
1.309393322,2083
,2083
2.689766175,2084
,2084
4.416019864,2085
,2085
0,2086
,2086
1.785587557,2087
,2087
3.141934656,2088
,2088
0,2089
,2089
0.74784749,2090
,2090
2.732925094,2091
,2091
0.518126221,2092
,2092
2.39251025,2093
,2093
6.363967977,2094
,2094
1.986478634,2095
,2095
6.315944702,2096
,2096
8.140819585,2097
,2097
0,2098
,2098
2.39840777,2099
,2099
3.973986769,2100
,2100
21.36830036,2101
,2101
21.54675104,2102
,2102
23.06691402,2103
,2103
2.720923971,2104
,2104
15.47495789,2105
,2105
19.40320705,2106
,2106
14.32160153,2107
,2107
28.13311375,2108
,2108
30.76250124,2109
,2109
40.21576406,2110
,2110
46.05681806,2111
,2111
51.15306518,2112
,2112
30.05876834,2113
,2113
30.11566658,2114
,2114
33.8132368,2115
,2115
20.05913492,2116
,2116
34.2208852,2117
,2117
40.30244069,2118
,2118
1.194006928,2119
,2119
27.35092133,2120
,2120
26.91242644,2121
,2121
5.628261366,2122
,2122
51.85571731,2123
,2123
49.62220517,2124
,2124
53.94447324,2125
,2125
65.48767084,2126
,2126
66.1445595,2127
,2127
38.1181996,2128
,2128
64.2716813,2129
,2129
65.73471929,2130
,2130
18.75584418,2131
,2131
28.59018557,2132
,2132
31.83731475,2133
,2133
0.707045517,2134
,2134
13.25145725,2135
,2135
15.92909866,2136
,2136
4.064443696,2137
,2137
32.63137063,2138
,2138
32.03830806,2139
,2139
38.03832948,2140
,2140
50.50908656,2141
,2141
46.64490818,2142
,2142
27.15209242,2143
,2143
46.97084661,2144
,2144
47.28268345,2145
,2145
29.17558441,2146
,2146
36.5598853,2147
,2147
49.46796695,2148
,2148
1.858400826,2149
,2149
31.25713511,2150
,2150
34.0355551,2151
,2151
11.31698923,2152
,2152
62.64758393,2153
,2153
60.28741502,2154
,2154
77.39811795,2155
,2155
83.68183531,2156
,2156
84.53852223,2157
,2157
49.15752148,2158
,2158
76.23035085,2159
,2159
75.20935081,2160
,2160
0,2161
,2161
0,2162
,2162
10.5253011,2163
,2163
0,2164
,2164
0,2165
,2165
2.458138496,2166
,2166
9.08121194,2167
,2167
9.636653904,2168
,2168
10.37235966,2169
,2169
1.660025621,2170
,2170
2.145304957,2171
,2171
27.04583578,2172
,2172
0,2173
,2173
0,2174
,2174
0,2175
,2175
15.09367159,2176
,2176
34.51239146,2177
,2177
35.6149447,2178
,2178
0.438548426,2179
,2179
31.2588772,2180
,2180
34.24307349,2181
,2181
6.866213056,2182
,2182
62.44858365,2183
,2183
65.94190973,2184
,2184
58.32558385,2185
,2185
60.47798465,2186
,2186
63.18914382,2187
,2187
18.36789148,2188
,2188
59.7949718,2189
,2189
64.64035682,2190
,2190
17.38451108,2191
,2191
38.46400948,2192
,2192
51.11682644,2193
,2193
0.578158424,2194
,2194
45.97256872,2195
,2195
47.70226953,2196
,2196
7.228003443,2197
,2197
79.8902752,2198
,2198
80.5818059,2199
,2199
84.9300227,2200
,2200
89.419451,2201
,2201
89.55924552,2202
,2202
13.66378067,2203
,2203
86.89971677,2204
,2204
87.237545,2205
,2205
11.30133212,2206
,2206
10.82736056,2207
,2207
12.11048821,2208
,2208
1.03540736,2209
,2209
15.16491224,2210
,2210
19.46778248,2211
,2211
8.038113026,2212
,2212
23.73944169,2213
,2213
30.46158728,2214
,2214
24.62070452,2215
,2215
28.5763008,2216
,2216
36.14968182,2217
,2217
13.71916528,2218
,2218
13.98206369,2219
,2219
18.13660134,2220
,2220
0.927604534,2221
,2221
7.316239252,2222
,2222
21.43045359,2223
,2223
0,2224
,2224
3.292807267,2225
,2225
23.04423411,2226
,2226
0,2227
,2227
7.479579469,2228
,2228
39.99701682,2229
,2229
9.836570629,2230
,2230
16.26033077,2231
,2231
36.05690183,2232
,2232
0,2233
,2233
15.39357697,2234
,2234
27.6789971,2235
,2235
20.24596352,2236
,2236
29.08430143,2237
,2237
38.79638342,2238
,2238
0.851812248,2239
,2239
26.7810647,2240
,2240
29.42310745,2241
,2241
7.689322987,2242
,2242
45.3883139,2243
,2243
59.85587044,2244
,2244
49.94868445,2245
,2245
50.70720641,2246
,2246
77.95754061,2247
,2247
15.1222891,2248
,2248
45.50180654,2249
,2249
48.17982197,2250
,2250
1.232632372,2251
,2251
5.992320527,2252
,2252
4.022257677,2253
,2253
0,2254
,2254
3.26158183,2255
,2255
6.286120839,2256
,2256
9.606838288,2257
,2257
13.59760256,2258
,2258
10.04227922,2259
,2259
4.444109893,2260
,2260
2.413308832,2261
,2261
12.05269157,2262
,2262
0,2263
,2263
6.360003901,2264
,2264
6.499222361,2265
,2265
0.701552228,2266
,2266
2.069098233,2267
,2267
3.566410027,2268
,2268
0,2269
,2269
0.64714493,2270
,2270
2.042704931,2271
,2271
0.855112472,2272
,2272
2.370474153,2273
,2273
6.026719466,2274
,2274
0,2275
,2275
1.592422994,2276
,2276
2.633148758,2277
,2277
0,2278
,2278
1.73070141,2279
,2279
2.661542727,2280
,2280
20.0833829,2281
,2281
22.43503561,2282
,2282
22.47082227,2283
,2283
0.788355769,2284
,2284
15.37805239,2285
,2285
15.73387398,2286
,2286
13.65409275,2287
,2287
30.87951231,2288
,2288
33.69627508,2289
,2289
40.01187418,2290
,2290
40.89777506,2291
,2291
44.9389876,2292
,2292
28.90716664,2293
,2293
32.16902238,2294
,2294
33.39106531,2295
,2295
16.27214516,2296
,2296
30.61272696,2297
,2297
42.70251629,2298
,2298
0.593797719,2299
,2299
23.1010236,2300
,2300
29.85245303,2301
,2301
9.228754169,2302
,2302
54.9141799,2303
,2303
59.29246641,2304
,2304
56.49708288,2305
,2305
63.56506276,2306
,2306
68.44214129,2307
,2307
36.10795647,2308
,2308
70.74157393,2309
,2309
73.24639173,2310
,2310
16.10027076,2311
,2311
29.89972719,2312
,2312
33.0062022,2313
,2313
0,2314
,2314
11.92095297,2315
,2315
18.20662132,2316
,2316
9.58087319,2317
,2317
38.52322666,2318
,2318
44.01604328,2319
,2319
36.66758858,2320
,2320
43.48269562,2321
,2321
47.63381676,2322
,2322
24.80297238,2323
,2323
53.55291415,2324
,2324
58.6831586,2325
,2325
22.90680768,2326
,2326
36.5499256,2327
,2327
49.30223849,2328
,2328
0.710304987,2329
,2329
29.57593303,2330
,2330
35.50826326,2331
,2331
13.45243807,2332
,2332
65.066599,2333
,2333
69.13479769,2334
,2334
80.10225068,2335
,2335
85.13318487,2336
,2336
89.5987779,2337
,2337
40.91094026,2338
,2338
80.00019125,2339
,2339
83.40919805,2340
,2340
0,2341
,2341
0,2342
,2342
12.15190247,2343
,2343
0,2344
,2344
0,2345
,2345
7.843927615,2346
,2346
0,2347
,2347
1.023181291,2348
,2348
14.17510686,2349
,2349
0,2350
,2350
0,2351
,2351
17.5357483,2352
,2352
0,2353
,2353
0,2354
,2354
16.7720232,2355
,2355
12.19056007,2356
,2356
34.43934364,2357
,2357
36.629676,2358
,2358
0.406585723,2359
,2359
33.21564888,2360
,2360
37.49278178,2361
,2361
1.161532817,2362
,2362
50.13324447,2363
,2363
58.15311301,2364
,2364
43.94688122,2365
,2365
46.59177534,2366
,2366
51.25885662,2367
,2367
14.93339955,2368
,2368
55.59012858,2369
,2369
55.78951841,2370
,2370
14.51047679,2371
,2371
38.37909694,2372
,2372
52.49415636,2373
,2373
0.786255311,2374
,2374
47.61178197,2375
,2375
50.83768511,2376
,2376
1.226267555,2377
,2377
75.29152855,2378
,2378
79.19714754,2379
,2379
83.03295526,2380
,2380
93.56409267,2381
,2381
96.13228316,2382
,2382
11.53765302,2383
,2383
89.97416157,2384
,2384
86.79260178,2385
,2385
7.257395781,2386
,2386
9.576264128,2387
,2387
10.75553549,2388
,2388
0.613157833,2389
,2389
10.63604029,2390
,2390
14.35852859,2391
,2391
1.582170389,2392
,2392
13.89350209,2393
,2393
23.26106265,2394
,2394
15.64688259,2395
,2395
16.4099085,2396
,2396
23.02454867,2397
,2397
7.488530825,2398
,2398
12.60415393,2399
,2399
14.36942688,2400
,2400
0,2401
,2401
3.835722246,2402
,2402
13.98397961,2403
,2403
0,2404
,2404
1.520182439,2405
,2405
16.00671459,2406
,2406
0,2407
,2407
3.744544243,2408
,2408
27.85496925,2409
,2409
3.964447459,2410
,2410
6.168096918,2411
,2411
14.42398425,2412
,2412
0,2413
,2413
7.466671245,2414
,2414
17.36013023,2415
,2415
5.889073661,2416
,2416
27.06341711,2417
,2417
34.65614692,2418
,2418
0,2419
,2419
24.41645938,2420
,2420
25.12838943,2421
,2421
0.954745242,2422
,2422
43.35191306,2423
,2423
51.5902696,2424
,2424
48.18783868,2425
,2425
49.14544471,2426
,2426
63.351286,2427
,2427
3.647451971,2428
,2428
43.17813797,2429
,2429
47.34357171,2430
,2430
0.698318685,2431
,2431
2.97486192,2432
,2432
3.10979023,2433
,2433
0,2434
,2434
0.489044772,2435
,2435
4.88514688,2436
,2436
0,2437
,2437
1.305562617,2438
,2438
6.931862367,2439
,2439
0,2440
,2440
0,2441
,2441
6.151237345,2442
,2442
0,2443
,2443
2.42482932,2444
,2444
7.121202503,2445
,2445
0,2446
,2446
1.12036933,2447
,2447
1.896181594,2448
,2448
0,2449
,2449
0,2450
,2450
0.974444275,2451
,2451
0,2452
,2452
0.9560868,2453
,2453
2.600006823,2454
,2454
0,2455
,2455
0,2456
,2456
0,2457
,2457
0,2458
,2458
0,2459
,2459
1.40959558,2460
,2460
17.87933698,2461
,2461
24.40165539,2462
,2462
24.45376754,2463
,2463
1.682541771,2464
,2464
18.44134196,2465
,2465
18.87491239,2466
,2466
6.949971836,2467
,2467
30.37188127,2468
,2468
33.47151562,2469
,2469
34.48220577,2470
,2470
35.36016156,2471
,2471
35.68280094,2472
,2472
18.37316337,2473
,2473
27.82910373,2474
,2474
37.08543096,2475
,2475
8.62455294,2476
,2476
14.26125924,2477
,2477
28.49871025,2478
,2478
0.538585368,2479
,2479
13.34881918,2480
,2480
28.28230111,2481
,2481
1.999177844,2482
,2482
27.16016891,2483
,2483
50.52138402,2484
,2484
20.00288675,2485
,2485
25.99050807,2486
,2486
40.32898976,2487
,2487
13.34689497,2488
,2488
40.63647217,2489
,2489
74.04736649,2490
,2490
5.195732957,2491
,2491
19.31180946,2492
,2492
30.77223842,2493
,2493
0,2494
,2494
11.75749506,2495
,2495
23.34747951,2496
,2496
1.039903259,2497
,2497
28.39783953,2498
,2498
39.89470015,2499
,2499
13.79100096,2500
,2500
19.53099508,2501
,2501
26.8708629,2502
,2502
9.3964628,2503
,2503
40.58293806,2504
,2504
52.66349061,2505
,2505
15.85078385,2506
,2506
32.88980878,2507
,2507
47.13760632,2508
,2508
0.707254592,2509
,2509
32.71728338,2510
,2510
41.68551837,2511
,2511
1.753987647,2512
,2512
54.56471519,2513
,2513
68.58213231,2514
,2514
60.52865164,2515
,2515
67.75052852,2516
,2516
80.80959568,2517
,2517
6.777260235,2518
,2518
48.77228165,2519
,2519
74.51133845,2520
,2520
24.10905766,2521
,2521
32.87780619,2522
,2522
43.39942952,2523
,2523
1.221284135,2524
,2524
25.1779767,2525
,2525
32.37253744,2526
,2526
7.676008537,2527
,2527
60.41732712,2528
,2528
64.50667156,2529
,2529
36.55522639,2530
,2530
46.64960106,2531
,2531
47.85301388,2532
,2532
21.44960942,2533
,2533
27.71714775,2534
,2534
52.2237426,2535
,2535
15.42545497,2536
,2536
30.08596307,2537
,2537
35.8368136,2538
,2538
0,2539
,2539
11.6535106,2540
,2540
17.02843498,2541
,2541
1.188847918,2542
,2542
32.40012299,2543
,2543
27.27757284,2544
,2544
24.95662893,2545
,2545
45.54864618,2546
,2546
42.79858664,2547
,2547
8.905135224,2548
,2548
18.1199602,2549
,2549
27.22195897,2550
,2550
8.286467695,2551
,2551
22.46669781,2552
,2552
37.70168941,2553
,2553
0,2554
,2554
8.034140762,2555
,2555
20.18480169,2556
,2556
0.662349524,2557
,2557
21.77773542,2558
,2558
53.28001638,2559
,2559
23.90935743,2560
,2560
47.15771685,2561
,2561
62.53548833,2562
,2562
4.577603745,2563
,2563
21.19444726,2564
,2564
42.00065126,2565
,2565
18.40035471,2566
,2566
16.25238798,2567
,2567
42.71521565,2568
,2568
0,2569
,2569
39.12148383,2570
,2570
47.59873076,2571
,2571
3.597789888,2572
,2572
69.98737297,2573
,2573
70.05483344,2574
,2574
20.97581455,2575
,2575
23.18775097,2576
,2576
22.00500964,2577
,2577
18.04784884,2578
,2578
23.57347354,2579
,2579
81.35759178,2580
,2580
14.75153907,2581
,2581
31.62416369,2582
,2582
37.39576088,2583
,2583
0.448085745,2584
,2584
13.27473408,2585
,2585
17.72318391,2586
,2586
3.418730848,2587
,2587
25.1224442,2588
,2588
30.07190595,2589
,2589
22.54874195,2590
,2590
36.80117668,2591
,2591
42.20791273,2592
,2592
8.748271213,2593
,2593
19.13281286,2594
,2594
27.47497093,2595
,2595
9.361658454,2596
,2596
22.12521071,2597
,2597
38.83428513,2598
,2598
0,2599
,2599
9.540244592,2600
,2600
21.41511712,2601
,2601
2.217163117,2602
,2602
25.83582864,2603
,2603
53.84533811,2604
,2604
25.36847762,2605
,2605
50.91041247,2606
,2606
62.69909879,2607
,2607
5.005508734,2608
,2608
24.92895829,2609
,2609
43.08223061,2610
,2610
26.47105008,2611
,2611
15.00790512,2612
,2612
40.67066673,2613
,2613
10.03471889,2614
,2614
44.50757189,2615
,2615
50.81226991,2616
,2616
13.26153778,2617
,2617
66.43295508,2618
,2618
69.21564786,2619
,2619
16.47592229,2620
,2620
19.59466142,2621
,2621
19.12358264,2622
,2622
37.0158274,2623
,2623
10.02539168,2624
,2624
41.01536377,2625
,2625
17.88950545,2626
,2626
30.84474943,2627
,2627
42.94679968,2628
,2628
39.22831543,2629
,2629
47.13740479,2630
,2630
49.46765787,2631
,2631
6.262930072,2632
,2632
24.92429214,2633
,2633
29.29928272,2634
,2634
26.0695387,2635
,2635
40.32928262,2636
,2636
46.57912629,2637
,2637
10.87603871,2638
,2638
19.12422917,2639
,2639
30.41179661,2640
,2640
12.69227905,2641
,2641
24.01338043,2642
,2642
38.95047983,2643
,2643
38.99137319,2644
,2644
45.82883908,2645
,2645
50.09626002,2646
,2646
5.967393026,2647
,2647
28.83921229,2648
,2648
55.76912496,2649
,2649
27.19452945,2650
,2650
55.41075316,2651
,2651
64.88423444,2652
,2652
7.65708472,2653
,2653
24.91728565,2654
,2654
43.47281583,2655
,2655
6.618305452,2656
,2656
19.22189421,2657
,2657
38.88169758,2658
,2658
0,2659
,2659
8.123761297,2660
,2660
9.226197008,2661
,2661
0.340410651,2662
,2662
32.95642094,2663
,2663
47.36333704,2664
,2664
24.01631717,2665
,2665
30.07960625,2666
,2666
29.79340439,2667
,2667
3.169099331,2668
,2668
18.20970217,2669
,2669
28.27747642,2670
,2670
9.330486935,2671
,2671
24.08891574,2672
,2672
26.99117029,2673
,2673
0,2674
,2674
7.405890223,2675
,2675
8.430071853,2676
,2676
0.72962294,2677
,2677
20.3250042,2678
,2678
20.51920273,2679
,2679
21.60400316,2680
,2680
30.2871506,2681
,2681
38.85520908,2682
,2682
4.143900161,2683
,2683
16.01570816,2684
,2684
19.48013153,2685
,2685
5.982836529,2686
,2686
19.02499104,2687
,2687
34.0336157,2688
,2688
0,2689
,2689
4.698019536,2690
,2690
8.109204436,2691
,2691
0.94272788,2692
,2692
17.29489164,2693
,2693
38.16631108,2694
,2694
25.48313253,2695
,2695
49.96376516,2696
,2696
54.07334238,2697
,2697
3.609434473,2698
,2698
16.57162393,2699
,2699
32.51941474,2700
,2700
24.17024028,2701
,2701
35.80552258,2702
,2702
40.2947746,2703
,2703
3.120933892,2704
,2704
42.30149711,2705
,2705
40.31193463,2706
,2706
10.90397812,2707
,2707
61.05645885,2708
,2708
64.44051661,2709
,2709
70.14701034,2710
,2710
70.25926715,2711
,2711
73.95050649,2712
,2712
27.32089436,2713
,2713
72.8784855,2714
,2714
74.62339174,2715
,2715
21.83853262,2716
,2716
34.89766998,2717
,2717
40.40712226,2718
,2718
0.339942053,2719
,2719
37.12675544,2720
,2720
34.27058432,2721
,2721
1.358946967,2722
,2722
57.33300234,2723
,2723
64.45105489,2724
,2724
61.13755675,2725
,2725
70.67829218,2726
,2726
58.46064001,2727
,2727
21.26152094,2728
,2728
61.01774399,2729
,2729
68.67316565,2730
,2730
24.48223218,2731
,2731
38.35488356,2732
,2732
42.68462411,2733
,2733
0.399824711,2734
,2734
47.37471195,2735
,2735
42.52654707,2736
,2736
1.442502721,2737
,2737
67.97015702,2738
,2738
67.99152053,2739
,2739
83.17489955,2740
,2740
81.27460019,2741
,2741
84.68245385,2742
,2742
23.79770547,2743
,2743
79.51166554,2744
,2744
79.64252926,2745
,2745
31.73318055,2746
,2746
33.92093167,2747
,2747
38.41251828,2748
,2748
1.277604509,2749
,2749
46.04956103,2750
,2750
43.335395,2751
,2751
9.850315112,2752
,2752
63.8388463,2753
,2753
64.60187181,2754
,2754
54.53336611,2755
,2755
55.70352222,2756
,2756
57.7580975,2757
,2757
51.9557832,2758
,2758
71.32414041,2759
,2759
78.36249844,2760
,2760
31.26129694,2761
,2761
38.72175402,2762
,2762
36.57290373,2763
,2763
0.719285108,2764
,2764
36.22635154,2765
,2765
33.94655387,2766
,2766
3.373624056,2767
,2767
54.46826622,2768
,2768
62.7905956,2769
,2769
66.11270607,2770
,2770
66.35401825,2771
,2771
65.50261834,2772
,2772
33.03335054,2773
,2773
65.91039362,2774
,2774
67.31022474,2775
,2775
33.9312366,2776
,2776
40.60161129,2777
,2777
42.25144884,2778
,2778
1.152603634,2779
,2779
46.21141257,2780
,2780
44.40779423,2781
,2781
3.864236463,2782
,2782
69.25619095,2783
,2783
68.71737558,2784
,2784
82.51131881,2785
,2785
84.42429873,2786
,2786
83.82528245,2787
,2787
33.61928283,2788
,2788
76.73725946,2789
,2789
78.2529931,2790
,2790
33.44709826,2791
,2791
36.56526068,2792
,2792
39.55792883,2793
,2793
8.38964842,2794
,2794
65.92742304,2795
,2795
63.53284655,2796
,2796
9.771808987,2797
,2797
64.80559966,2798
,2798
63.41514905,2799
,2799
62.46560879,2800
,2800
64.57811697,2801
,2801
63.222267,2802
,2802
65.3367146,2803
,2803
72.70586315,2804
,2804
76.79526891,2805
,2805
33.27025402,2806
,2806
39.35320613,2807
,2807
39.02512557,2808
,2808
41.03794598,2809
,2809
57.95486785,2810
,2810
52.14546944,2811
,2811
5.06261629,2812
,2812
57.19204969,2813
,2813
59.81582481,2814
,2814
62.39976577,2815
,2815
66.50686069,2816
,2816
62.22086343,2817
,2817
37.522573,2818
,2818
60.65973957,2819
,2819
65.9488999,2820
,2820
37.07516302,2821
,2821
39.89366621,2822
,2822
41.55598689,2823
,2823
42.0580413,2824
,2824
66.26538653,2825
,2825
56.80622374,2826
,2826
5.460903942,2827
,2827
69.07936453,2828
,2828
67.52036403,2829
,2829
84.81458604,2830
,2830
83.82537223,2831
,2831
85.99469652,2832
,2832
45.19876304,2833
,2833
78.63353277,2834
,2834
81.63071985,2835
,2835
17.50108516,2836
,2836
38.94339394,2837
,2837
40.11142329,2838
,2838
0,2839
,2839
42.74477554,2840
,2840
44.8781348,2841
,2841
0.649110542,2842
,2842
65.57301901,2843
,2843
66.67600965,2844
,2844
70.24905586,2845
,2845
69.97972982,2846
,2846
75.73582011,2847
,2847
8.776630533,2848
,2848
74.07785582,2849
,2849
75.28558302,2850
,2850
12.26279814,2851
,2851
37.31441052,2852
,2852
36.58867026,2853
,2853
0,2854
,2854
38.66523027,2855
,2855
31.57364304,2856
,2856
0.638545637,2857
,2857
57.71086681,2858
,2858
59.93143231,2859
,2859
61.82340519,2860
,2860
71.09717455,2861
,2861
59.66718586,2862
,2862
6.768064781,2863
,2863
63.07769687,2864
,2864
68.10761052,2865
,2865
12.21708819,2866
,2866
40.36775448,2867
,2867
42.68363634,2868
,2868
0,2869
,2869
47.71503964,2870
,2870
44.37252425,2871
,2871
0.609947969,2872
,2872
70.19925962,2873
,2873
65.42133393,2874
,2874
84.64975432,2875
,2875
83.38501147,2876
,2876
86.49714531,2877
,2877
0,2878
,2878
78.00288409,2879
,2879
79.34654649,2880
,2880
7.147036958,2881
,2881
28.25277351,2882
,2882
34.79607292,2883
,2883
0.471327258,2884
,2884
38.40946204,2885
,2885
42.82874785,2886
,2886
6.975926865,2887
,2887
54.39040243,2888
,2888
68.43167679,2889
,2889
70.51359377,2890
,2890
72.16100406,2891
,2891
78.28452045,2892
,2892
6.877576478,2893
,2893
47.63735715,2894
,2894
52.16406686,2895
,2895
3.849200649,2896
,2896
35.33279168,2897
,2897
37.62624076,2898
,2898
0,2899
,2899
25.94389985,2900
,2900
42.12607272,2901
,2901
3.554195282,2902
,2902
50.4472159,2903
,2903
62.03548199,2904
,2904
55.58164705,2905
,2905
56.60877307,2906
,2906
69.52780108,2907
,2907
2.790822418,2908
,2908
55.60412419,2909
,2909
65.50667277,2910
,2910
3.638207936,2911
,2911
35.20060583,2912
,2912
40.48594286,2913
,2913
0,2914
,2914
31.9378098,2915
,2915
49.97942971,2916
,2916
4.04132523,2917
,2917
55.23935567,2918
,2918
71.83207772,2919
,2919
71.00136701,2920
,2920
80.78104004,2921
,2921
91.13914928,2922
,2922
2.354282195,2923
,2923
72.70181754,2924
,2924
81.99763098,2925
,2925
1.222906926,2926
,2926
24.60563466,2927
,2927
33.55651029,2928
,2928
0,2929
,2929
46.67086698,2930
,2930
49.72808893,2931
,2931
7.810317963,2932
,2932
64.56169067,2933
,2933
69.13688603,2934
,2934
80.28534176,2935
,2935
77.62777181,2936
,2936
82.33244396,2937
,2937
0,2938
,2938
35.33291059,2939
,2939
55.96628365,2940
,2940
13.70204119,2941
,2941
37.08529427,2942
,2942
36.0162633,2943
,2943
0,2944
,2944
34.74723042,2945
,2945
40.08752213,2946
,2946
4.7108856,2947
,2947
59.00727735,2948
,2948
60.61766338,2949
,2949
56.33395035,2950
,2950
60.94658978,2951
,2951
63.37225968,2952
,2952
8.39178019,2953
,2953
56.79309437,2954
,2954
61.57150807,2955
,2955
11.32681683,2956
,2956
38.5374711,2957
,2957
41.728023,2958
,2958
0,2959
,2959
46.19860459,2960
,2960
49.53018855,2961
,2961
4.961974313,2962
,2962
70.7141131,2963
,2963
71.82751675,2964
,2964
86.6996801,2965
,2965
84.33974431,2966
,2966
89.12987666,2967
,2967
6.458217991,2968
,2968
76.47373216,2969
,2969
83.59935968,2970
,2970
14.29478531,2971
,2971
28.32846401,2972
,2972
36.31466019,2973
,2973
7.206982067,2974
,2974
57.87284649,2975
,2975
60.98476598,2976
,2976
9.444894792,2977
,2977
65.10791868,2978
,2978
72.37220718,2979
,2979
78.76794462,2980
,2980
77.82985513,2981
,2981
79.30639259,2982
,2982
6.010382761,2983
,2983
37.26514805,2984
,2984
54.37431586,2985
,2985
27.94500953,2986
,2986
36.81475234,2987
,2987
36.76661903,2988
,2988
39.97323526,2989
,2989
57.13220837,2990
,2990
60.30536067,2991
,2991
7.74850436,2992
,2992
57.9781308,2993
,2993
66.51493362,2994
,2994
58.92871095,2995
,2995
59.21092574,2996
,2996
60.412252,2997
,2997
32.73462184,2998
,2998
59.47851607,2999
,2999
64.00575958,3000
,3000
29.60669897,3001
,3001
38.03109863,3002
,3002
41.71330917,3003
,3003
41.98383636,3004
,3004
67.81431274,3005
,3005
65.94429183,3006
,3006
12.64243358,3007
,3007
74.21032846,3008
,3008
75.06056887,3009
,3009
90.99050642,3010
,3010
84.34096533,3011
,3011
88.72522624,3012
,3012
36.05104123,3013
,3013
77.2841534,3014
,3014
85.60572483,3015
,3015
1.637827855,3016
,3016
27.00233561,3017
,3017
31.38632484,3018
,3018
0,3019
,3019
38.20230031,3020
,3020
39.32745332,3021
,3021
4.950264204,3022
,3022
63.52683766,3023
,3023
64.23525691,3024
,3024
75.99606764,3025
,3025
73.60085469,3026
,3026
77.54678733,3027
,3027
0.970209889,3028
,3028
45.30338681,3029
,3029
49.87050942,3030
,3030
5.265059572,3031
,3031
36.39098731,3032
,3032
36.44138063,3033
,3033
0,3034
,3034
35.28694368,3035
,3035
42.09555031,3036
,3036
3.678633066,3037
,3037
50.63065751,3038
,3038
61.65083258,3039
,3039
52.72286451,3040
,3040
62.07451283,3041
,3041
61.80067802,3042
,3042
3.035900596,3043
,3043
58.2347243,3044
,3044
66.48281999,3045
,3045
4.477162725,3046
,3046
37.34827699,3047
,3047
41.73289196,3048
,3048
0,3049
,3049
37.72387007,3050
,3050
49.04564688,3051
,3051
4.390150349,3052
,3052
57.96795904,3053
,3053
73.57415684,3054
,3054
74.69880742,3055
,3055
87.52908706,3056
,3056
89.61417594,3057
,3057
2.405254053,3058
,3058
77.09161451,3059
,3059
83.01646677,3060
,3060
6.891124522,3061
,3061
24.99527669,3062
,3062
37.54624547,3063
,3063
0.706381042,3064
,3064
42.52691913,3065
,3065
47.95299992,3066
,3066
2.294941324,3067
,3067
62.78571552,3068
,3068
69.97034068,3069
,3069
74.06067797,3070
,3070
77.51023369,3071
,3071
80.90631241,3072
,3072
8.332944957,3073
,3073
47.89881593,3074
,3074
61.03423565,3075
,3075
3.42165598,3076
,3076
26.24845362,3077
,3077
39.43512545,3078
,3078
0,3079
,3079
23.50114845,3080
,3080
39.99682926,3081
,3081
0.695599064,3082
,3082
39.03126202,3083
,3083
61.69857953,3084
,3084
27.69709095,3085
,3085
36.62142901,3086
,3086
45.52130306,3087
,3087
2.782548169,3088
,3088
53.27735781,3089
,3089
64.8702395,3090
,3090
3.382805594,3091
,3091
31.53029931,3092
,3092
45.77926691,3093
,3093
0,3094
,3094
32.33228249,3095
,3095
49.75811265,3096
,3096
0.665471445,3097
,3097
50.28049867,3098
,3098
75.02467082,3099
,3099
52.59936901,3100
,3100
74.31911492,3101
,3101
92.11972779,3102
,3102
2.135901423,3103
,3103
64.185973,3104
,3104
85.22067267,3105
,3105
0.552049908,3106
,3106
15.46929664,3107
,3107
29.68665622,3108
,3108
0,3109
,3109
42.07740888,3110
,3110
50.20384511,3111
,3111
0,3112
,3112
63.12102891,3113
,3113
67.79255716,3114
,3114
74.22961906,3115
,3115
75.06901133,3116
,3116
83.08232968,3117
,3117
0,3118
,3118
22.62644976,3119
,3119
62.72600186,3120
,3120
8.178111662,3121
,3121
33.60174029,3122
,3122
39.12761896,3123
,3123
0,3124
,3124
32.36655355,3125
,3125
40.59375347,3126
,3126
0.817066768,3127
,3127
50.58160419,3128
,3128
63.72449893,3129
,3129
33.94683682,3130
,3130
41.28086675,3131
,3131
47.58772845,3132
,3132
5.956665819,3133
,3133
57.2826498,3134
,3134
64.80074025,3135
,3135
7.126598878,3136
,3136
37.93567028,3137
,3137
45.20399384,3138
,3138
0,3139
,3139
41.28466002,3140
,3140
49.61017751,3141
,3141
0.789038452,3142
,3142
63.68559531,3143
,3143
73.08177999,3144
,3144
72.98033012,3145
,3145
82.64502167,3146
,3146
90.64441503,3147
,3147
4.936303419,3148
,3148
73.81395251,3149
,3149
82.20776042,3150
,3150
4.618730656,3151
,3151
15.74680272,3152
,3152
30.87761179,3153
,3153
6.970567232,3154
,3154
65.46891846,3155
,3155
66.01585424,3156
,3156
2.350274713,3157
,3157
70.85918563,3158
,3158
68.53030279,3159
,3159
76.3099624,3160
,3160
75.95426954,3161
,3161
82.34937004,3162
,3162
4.974394565,3163
,3163
25.79072036,3164
,3164
62.08187356,3165
,3165
19.16223306,3166
,3166
35.94447354,3167
,3167
37.90012178,3168
,3168
41.26452613,3169
,3169
59.06928985,3170
,3170
59.60099255,3171
,3171
2.42184546,3172
,3172
58.63301817,3173
,3173
63.99950596,3174
,3174
34.05189508,3175
,3175
41.4297554,3176
,3176
47.77426479,3177
,3177
20.34813867,3178
,3178
60.49224443,3179
,3179
63.88080478,3180
,3180
21.60119174,3181
,3181
38.59563351,3182
,3182
44.68109157,3183
,3183
44.14137034,3184
,3184
66.81498604,3185
,3185
68.2481271,3186
,3186
2.579355469,3187
,3187
74.1058241,3188
,3188
72.8478499,3189
,3189
89.07661609,3190
,3190
85.65923047,3191
,3191
94.15173815,3192
,3192
24.93961347,3193
,3193
80.0652435,3194
,3194
86.19820374,3195
,3195
1.252505333,3196
,3196
16.04849725,3197
,3197
30.7124479,3198
,3198
0,3199
,3199
0,3200
,3200
43.09475613,3201
,3201
0,3202
,3202
47.34816594,3203
,3203
64.24887053,3204
,3204
57.59970402,3205
,3205
64.01092118,3206
,3206
72.26820117,3207
,3207
0.868429678,3208
,3208
42.09636278,3209
,3209
50.25936964,3210
,3210
2.443106533,3211
,3211
28.78693437,3212
,3212
34.85762141,3213
,3213
0,3214
,3214
20.89901676,3215
,3215
36.0742325,3216
,3216
0.489724505,3217
,3217
37.99056967,3218
,3218
56.47944581,3219
,3219
26.8260429,3220
,3220
36.10071383,3221
,3221
46.52870973,3222
,3222
1.470956156,3223
,3223
0,3224
,3224
57.24624739,3225
,3225
2.103607287,3226
,3226
29.62604669,3227
,3227
40.21154517,3228
,3228
0,3229
,3229
23.916357,3230
,3230
44.44845486,3231
,3231
0.490842961,3232
,3232
39.51845686,3233
,3233
69.71995068,3234
,3234
47.18415816,3235
,3235
65.99016493,3236
,3236
87.94083651,3237
,3237
1.573799128,3238
,3238
61.50487524,3239
,3239
83.95560608,3240
,3240
13.9614152,3241
,3241
15.08609068,3242
,3242
15.9216391,3243
,3243
2.548391087,3244
,3244
8.641168314,3245
,3245
6.654637209,3246
,3246
7.713999512,3247
,3247
14.7618925,3248
,3248
16.70711364,3249
,3249
12.25099464,3250
,3250
16.43551115,3251
,3251
17.06361217,3252
,3252
12.13886151,3253
,3253
10.08173564,3254
,3254
12.79205877,3255
,3255
11.31960299,3256
,3256
22.30541273,3257
,3257
25.45694196,3258
,3258
0,3259
,3259
2.840028013,3260
,3260
4.296191189,3261
,3261
1.896990139,3262
,3262
9.250516466,3263
,3263
13.02243467,3264
,3264
15.10135263,3265
,3265
24.44251918,3266
,3266
26.61192771,3267
,3267
2.419663487,3268
,3268
6.251282484,3269
,3269
12.75397423,3270
,3270
13.18136791,3271
,3271
22.67787637,3272
,3272
24.0555231,3273
,3273
0,3274
,3274
2.373234972,3275
,3275
5.371995824,3276
,3276
2.067024275,3277
,3277
9.241578451,3278
,3278
20.36311527,3279
,3279
14.60964787,3280
,3280
28.7617291,3281
,3281
23.20886991,3282
,3282
3.338911929,3283
,3283
11.07544016,3284
,3284
16.38360507,3285
,3285
8.599290828,3286
,3286
8.073391293,3287
,3287
8.373801377,3288
,3288
2.086409943,3289
,3289
3.898269895,3290
,3290
2.819747326,3291
,3291
9.734031055,3292
,3292
14.02250347,3293
,3293
13.30215474,3294
,3294
11.84842444,3295
,3295
12.48722349,3296
,3296
13.26217146,3297
,3297
7.007309831,3298
,3298
3.803167764,3299
,3299
9.3396983,3300
,3300
2.828738971,3301
,3301
11.73173458,3302
,3302
32.01377764,3303
,3303
0,3304
,3304
0.597123544,3305
,3305
1.624624313,3306
,3306
1.378417368,3307
,3307
5.748911263,3308
,3308
15.88279637,3309
,3309
15.03293541,3310
,3310
36.25474039,3311
,3311
40.83653695,3312
,3312
0,3313
,3313
3.383758574,3314
,3314
9.091321628,3315
,3315
1.249008464,3316
,3316
7.593500734,3317
,3317
23.19251783,3318
,3318
0,3319
,3319
0,3320
,3320
0,3321
,3321
0,3322
,3322
3.304153664,3323
,3323
4.972241085,3324
,3324
11.6539798,3325
,3325
23.14100825,3326
,3326
30.73323241,3327
,3327
0,3328
,3328
0,3329
,3329
0,3330
,3330
25.79234273,3331
,3331
21.1852936,3332
,3332
41.0055284,3333
,3333
1.426630798,3334
,3334
41.22664286,3335
,3335
47.37967992,3336
,3336
11.25218088,3337
,3337
66.85183325,3338
,3338
67.69619533,3339
,3339
18.57739993,3340
,3340
22.20180478,3341
,3341
22.35512226,3342
,3342
38.7528241,3343
,3343
24.97274403,3344
,3344
75.11548375,3345
,3345
19.41980511,3346
,3346
32.07542073,3347
,3347
34.52065187,3348
,3348
2.069142775,3349
,3349
14.42253285,3350
,3350
22.92734992,3351
,3351
5.821778044,3352
,3352
33.78601477,3353
,3353
37.39742705,3354
,3354
26.66040937,3355
,3355
44.30153891,3356
,3356
44.76424476,3357
,3357
12.63535619,3358
,3358
32.89151252,3359
,3359
41.00150742,3360
,3360
19.39344332,3361
,3361
31.15934188,3362
,3362
38.74519603,3363
,3363
1.798923194,3364
,3364
9.508784567,3365
,3365
17.33987768,3366
,3366
5.235495595,3367
,3367
28.74353219,3368
,3368
53.88645108,3369
,3369
27.32636453,3370
,3370
52.36462009,3371
,3371
62.64059826,3372
,3372
7.71156711,3373
,3373
25.62052054,3374
,3374
43.30658798,3375
,3375
6.70191803,3376
,3376
15.721696,3377
,3377
32.03839032,3378
,3378
0,3379
,3379
5.529906697,3380
,3380
6.840870887,3381
,3381
0.566845941,3382
,3382
22.16483544,3383
,3383
31.41749034,3384
,3384
22.29411196,3385
,3385
31.22952549,3386
,3386
31.17670784,3387
,3387
3.037744154,3388
,3388
13.63572226,3389
,3389
21.33105034,3390
,3390
10.4860128,3391
,3391
26.29886063,3392
,3392
23.69345333,3393
,3393
0,3394
,3394
6.730455291,3395
,3395
13.41857273,3396
,3396
1.036456102,3397
,3397
22.99620882,3398
,3398
37.021541,3399
,3399
22.69659515,3400
,3400
37.46429839,3401
,3401
39.38981845,3402
,3402
4.58213428,3403
,3403
22.70660834,3404
,3404
33.31806917,3405
,3405
7.343376414,3406
,3406
26.03173318,3407
,3407
36.25454831,3408
,3408
0,3409
,3409
4.191040534,3410
,3410
6.114675165,3411
,3411
0.884950948,3412
,3412
16.69067663,3413
,3413
31.26628393,3414
,3414
24.66006055,3415
,3415
45.98390905,3416
,3416
52.56128921,3417
,3417
3.35256921,3418
,3418
15.35819367,3419
,3419
29.91552733,3420
,3420
13.16893511,3421
,3421
16.79477369,3422
,3422
16.24533971,3423
,3423
2.118660091,3424
,3424
15.85894672,3425
,3425
15.94900479,3426
,3426
7.108204477,3427
,3427
24.76005147,3428
,3428
28.11243479,3429
,3429
27.24876847,3430
,3430
31.76624566,3431
,3431
37.29673945,3432
,3432
16.87891597,3433
,3433
22.41656552,3434
,3434
23.46293461,3435
,3435
9.295516532,3436
,3436
35.04870846,3437
,3437
35.39709887,3438
,3438
0,3439
,3439
34.88973455,3440
,3440
35.68810141,3441
,3441
1.257407502,3442
,3442
55.96431027,3443
,3443
59.93053961,3444
,3444
56.99401844,3445
,3445
63.00725217,3446
,3446
59.18255708,3447
,3447
7.66652575,3448
,3448
54.77135423,3449
,3449
62.18465229,3450
,3450
17.84178388,3451
,3451
40.13524468,3452
,3452
46.24961136,3453
,3453
2.890686767,3454
,3454
45.52184766,3455
,3455
47.90925553,3456
,3456
11.25502625,3457
,3457
71.70514407,3458
,3458
72.13959481,3459
,3459
79.78226496,3460
,3460
79.62575679,3461
,3461
82.21280375,3462
,3462
33.50615076,3463
,3463
78.67116412,3464
,3464
79.16863895,3465
,3465
10.16290719,3466
,3466
10.72653134,3467
,3467
11.56918225,3468
,3468
1.924092177,3469
,3469
9.627089409,3470
,3470
11.09901507,3471
,3471
6.581266653,3472
,3472
16.8324099,3473
,3473
21.40006849,3474
,3474
42.78380779,3475
,3475
53.50463767,3476
,3476
60.63710952,3477
,3477
13.25100229,3478
,3478
18.48421566,3479
,3479
20.6070389,3480
,3480
1.71151259,3481
,3481
7.321293774,3482
,3482
34.91039433,3483
,3483
0,3484
,3484
5.935933533,3485
,3485
58.0174464,3486
,3486
1.781909967,3487
,3487
22.74107385,3488
,3488
57.01120739,3489
,3489
33.66124955,3490
,3490
51.21151631,3491
,3491
60.13886073,3492
,3492
2.249906301,3493
,3493
41.72955132,3494
,3494
60.45904469,3495
,3495
16.47949658,3496
,3496
27.36893381,3497
,3497
39.35756061,3498
,3498
0.712699399,3499
,3499
8.970204017,3500
,3500
44.46296659,3501
,3501
4.28271464,3502
,3502
39.55034963,3503
,3503
63.92666602,3504
,3504
79.04497323,3505
,3505
78.70773698,3506
,3506
84.10193793,3507
,3507
12.67223423,3508
,3508
55.95219042,3509
,3509
80.67857489,3510
,3510
30.59884697,3511
,3511
33.91258635,3512
,3512
36.80129147,3513
,3513
2.495636052,3514
,3514
47.27988184,3515
,3515
44.44212826,3516
,3516
12.51112995,3517
,3517
66.1081674,3518
,3518
63.53604944,3519
,3519
53.37807808,3520
,3520
62.99169098,3521
,3521
63.44404456,3522
,3522
52.55158103,3523
,3523
68.74074216,3524
,3524
77.66689194,3525
,3525
34.08344524,3526
,3526
38.11608188,3527
,3527
39.909465,3528
,3528
1.029883817,3529
,3529
39.21368937,3530
,3530
35.2237201,3531
,3531
3.311093961,3532
,3532
57.74229286,3533
,3533
59.48668549,3534
,3534
64.60204454,3535
,3535
61.25906652,3536
,3536
62.35242374,3537
,3537
36.30128303,3538
,3538
63.06191521,3539
,3539
62.65745672,3540
,3540
33.03637259,3541
,3541
39.20587876,3542
,3542
41.26140824,3543
,3543
1.728296665,3544
,3544
49.69104828,3545
,3545
41.80838188,3546
,3546
3.524318044,3547
,3547
71.55294754,3548
,3548
72.58292155,3549
,3549
83.76441682,3550
,3550
82.77010873,3551
,3551
80.16290148,3552
,3552
44.56568658,3553
,3553
80.07437026,3554
,3554
81.27546311,3555
,3555
15.75654156,3556
,3556
40.52594956,3557
,3557
38.16592165,3558
,3558
0.390715033,3559
,3559
45.77689221,3560
,3560
41.36745101,3561
,3561
0.860295656,3562
,3562
63.69608906,3563
,3563
64.24487271,3564
,3564
63.65319734,3565
,3565
73.26731184,3566
,3566
70.29330199,3567
,3567
8.47025224,3568
,3568
70.27327326,3569
,3569
75.8997955,3570
,3570
12.88972347,3571
,3571
36.29421793,3572
,3572
37.37794419,3573
,3573
0.252253584,3574
,3574
37.13655068,3575
,3575
32.8144383,3576
,3576
0.83326199,3577
,3577
55.17541483,3578
,3578
57.50576347,3579
,3579
66.07394644,3580
,3580
64.68492451,3581
,3581
60.93427362,3582
,3582
6.684386034,3583
,3583
63.13467167,3584
,3584
65.07775968,3585
,3585
11.91198349,3586
,3586
39.35316158,3587
,3587
43.82916168,3588
,3588
0.381599662,3589
,3589
49.01650319,3590
,3590
42.67624543,3591
,3591
0.745430861,3592
,3592
69.58481273,3593
,3593
71.48272249,3594
,3594
82.32171897,3595
,3595
81.29892199,3596
,3596
82.3438198,3597
,3597
7.182520972,3598
,3598
75.98553455,3599
,3599
82.40046293,3600
,3600
9.973367678,3601
,3601
12.38761085,3602
,3602
12.79513925,3603
,3603
0.746156967,3604
,3604
12.59161714,3605
,3605
14.72607829,3606
,3606
12.28165388,3607
,3607
24.42477517,3608
,3608
26.50151753,3609
,3609
24.72320112,3610
,3610
27.98543221,3611
,3611
32.32915323,3612
,3612
8.50474803,3613
,3613
15.43456925,3614
,3614
19.90695412,3615
,3615
2.74121661,3616
,3616
20.07939568,3617
,3617
33.6420654,3618
,3618
0.328567973,3619
,3619
12.21281347,3620
,3620
33.66516566,3621
,3621
1.993041801,3622
,3622
24.96800216,3623
,3623
59.5664451,3624
,3624
32.57727167,3625
,3625
44.24461772,3626
,3626
61.37532466,3627
,3627
1.607816561,3628
,3628
42.1300284,3629
,3629
55.13286563,3630
,3630
13.51164782,3631
,3631
36.28377215,3632
,3632
43.31119655,3633
,3633
0.568210949,3634
,3634
31.09780796,3635
,3635
44.42036094,3636
,3636
6.604799576,3637
,3637
53.30648897,3638
,3638
73.95398123,3639
,3639
64.98015189,3640
,3640
71.05445565,3641
,3641
83.94468409,3642
,3642
2.019729051,3643
,3643
55.99062735,3644
,3644
83.04189522,3645
,3645
17.35437544,3646
,3646
28.92940614,3647
,3647
34.70800352,3648
,3648
0.572188732,3649
,3649
38.02062933,3650
,3650
38.77000873,3651
,3651
13.95905877,3652
,3652
60.55316321,3653
,3653
63.14360639,3654
,3654
41.14460565,3655
,3655
47.20893463,3656
,3656
58.17261114,3657
,3657
13.53376242,3658
,3658
53.60304102,3659
,3659
58.45828833,3660
,3660
5.492602222,3661
,3661
30.47937114,3662
,3662
38.18576353,3663
,3663
0,3664
,3664
21.09483753,3665
,3665
57.7087314,3666
,3666
6.312401384,3667
,3667
40.61436819,3668
,3668
62.9440737,3669
,3669
29.74076309,3670
,3670
38.06656269,3671
,3671
64.15465798,3672
,3672
4.069080612,3673
,3673
49.17268474,3674
,3674
57.52960259,3675
,3675
12.78962475,3676
,3676
31.88542104,3677
,3677
41.17290032,3678
,3678
0,3679
,3679
36.44526769,3680
,3680
47.11829387,3681
,3681
6.880494813,3682
,3682
62.86856054,3683
,3683
72.345187,3684
,3684
72.24358198,3685
,3685
73.49750543,3686
,3686
86.32465757,3687
,3687
2.394294255,3688
,3688
47.68791361,3689
,3689
81.55614964,3690
,3690
11.04036087,3691
,3691
24.23482722,3692
,3692
31.2993075,3693
,3693
0.337596865,3694
,3694
46.64890669,3695
,3695
45.17206702,3696
,3696
9.993569506,3697
,3697
68.91825786,3698
,3698
69.27632316,3699
,3699
78.77070783,3700
,3700
76.11415284,3701
,3701
81.78695125,3702
,3702
3.724806832,3703
,3703
17.80357266,3704
,3704
61.99734129,3705
,3705
27.20831726,3706
,3706
38.14083048,3707
,3707
36.4250561,3708
,3708
1.088494579,3709
,3709
37.85579692,3710
,3710
41.07404232,3711
,3711
8.955312407,3712
,3712
59.10146589,3713
,3713
65.48133698,3714
,3714
62.79572595,3715
,3715
65.86005497,3716
,3716
64.68104609,3717
,3717
25.61137798,3718
,3718
56.47869884,3719
,3719
60.5253289,3720
,3720
28.57251929,3721
,3721
38.20471013,3722
,3722
41.63261266,3723
,3723
1.226874544,3724
,3724
47.15627467,3725
,3725
49.15467449,3726
,3726
9.293896224,3727
,3727
74.97052076,3728
,3728
75.97219172,3729
,3729
85.53405964,3730
,3730
80.79670421,3731
,3731
85.64532689,3732
,3732
21.70039266,3733
,3733
76.95155975,3734
,3734
80.7977409,3735
,3735
2.008708666,3736
,3736
25.56755062,3737
,3737
32.35958784,3738
,3738
0,3739
,3739
41.6263458,3740
,3740
41.53702825,3741
,3741
5.761815995,3742
,3742
63.22828466,3743
,3743
66.89026205,3744
,3744
72.60987428,3745
,3745
78.22401013,3746
,3746
70.14060434,3747
,3747
0.810171959,3748
,3748
48.96975625,3749
,3749
50.40479784,3750
,3750
6.090802245,3751
,3751
38.90083473,3752
,3752
37.47062049,3753
,3753
0,3754
,3754
35.15329281,3755
,3755
41.08459601,3756
,3756
4.12761042,3757
,3757
56.83415199,3758
,3758
65.44832937,3759
,3759
58.01064055,3760
,3760
63.16520406,3761
,3761
66.65248144,3762
,3762
2.68455705,3763
,3763
58.35068095,3764
,3764
61.04278074,3765
,3765
6.03417912,3766
,3766
38.15565558,3767
,3767
45.15638688,3768
,3768
0,3769
,3769
36.98776703,3770
,3770
44.33872807,3771
,3771
4.225486824,3772
,3772
59.21946541,3773
,3773
74.59845802,3774
,3774
78.02488381,3775
,3775
80.73687357,3776
,3776
88.24637541,3777
,3777
1.957264533,3778
,3778
65.74098646,3779
,3779
83.83843021,3780
,3780
10.47269891,3781
,3781
12.16304801,3782
,3782
10.78771766,3783
,3783
1.152131483,3784
,3784
14.89842021,3785
,3785
16.26779165,3786
,3786
4.656693452,3787
,3787
21.20587604,3788
,3788
27.6859428,3789
,3789
21.50066765,3790
,3790
25.90827653,3791
,3791
28.29509241,3792
,3792
14.7474972,3793
,3793
17.65611496,3794
,3794
19.96336659,3795
,3795
2.505489323,3796
,3796
15.19101144,3797
,3797
34.1813834,3798
,3798
0.467733508,3799
,3799
14.98944103,3800
,3800
40.85999304,3801
,3801
0.648980669,3802
,3802
24.05265274,3803
,3803
60.8676331,3804
,3804
20.28381752,3805
,3805
30.24326754,3806
,3806
53.5695113,3807
,3807
1.726024029,3808
,3808
36.92601799,3809
,3809
56.57387493,3810
,3810
7.949590254,3811
,3811
30.30978378,3812
,3812
47.10591975,3813
,3813
0.256451547,3814
,3814
26.95590806,3815
,3815
49.01475041,3816
,3816
0.727174946,3817
,3817
34.67021781,3818
,3818
73.39202626,3819
,3819
29.55686861,3820
,3820
41.06227561,3821
,3821
86.42573792,3822
,3822
0,3823
,3823
27.34305282,3824
,3824
76.73986616,3825
,3825
15.5615648,3826
,3826
24.35604753,3827
,3827
28.85136629,3828
,3828
0.979807222,3829
,3829
29.01476311,3830
,3830
33.20741805,3831
,3831
4.08442672,3832
,3832
46.70548466,3833
,3833
49.28704587,3834
,3834
31.37415917,3835
,3835
37.12306374,3836
,3836
42.69698784,3837
,3837
16.74814495,3838
,3838
52.20286143,3839
,3839
56.41870071,3840
,3840
3.434831672,3841
,3841
26.32369704,3842
,3842
36.14852387,3843
,3843
0,3844
,3844
16.7341519,3845
,3845
49.985461,3846
,3846
0.995077613,3847
,3847
30.16614104,3848
,3848
59.31991617,3849
,3849
20.49711258,3850
,3850
31.02334366,3851
,3851
56.03747384,3852
,3852
2.039001868,3853
,3853
47.55321922,3854
,3854
59.16216512,3855
,3855
5.071740985,3856
,3856
31.60555467,3857
,3857
41.60266431,3858
,3858
0,3859
,3859
20.44948228,3860
,3860
46.3015164,3861
,3861
1.005881291,3862
,3862
34.47263315,3863
,3863
72.29221067,3864
,3864
31.19527434,3865
,3865
39.71442231,3866
,3866
83.49602396,3867
,3867
0,3868
,3868
27.15696835,3869
,3869
67.35182955,3870
,3870
6.112603375,3871
,3871
19.11941212,3872
,3872
29.76126623,3873
,3873
0,3874
,3874
49.20462645,3875
,3875
49.50904012,3876
,3876
1.743650282,3877
,3877
67.14890203,3878
,3878
68.20094264,3879
,3879
74.20453315,3880
,3880
74.49984474,3881
,3881
83.44233536,3882
,3882
2.899493403,3883
,3883
16.85617983,3884
,3884
65.67896113,3885
,3885
17.43734901,3886
,3886
35.28597628,3887
,3887
36.96535355,3888
,3888
0.926720681,3889
,3889
38.5633346,3890
,3890
39.70763397,3891
,3891
1.666950752,3892
,3892
57.55922845,3893
,3893
61.4373102,3894
,3894
44.04139335,3895
,3895
53.66497703,3896
,3896
58.26903703,3897
,3897
15.2876268,3898
,3898
59.26239712,3899
,3899
62.55956501,3900
,3900
15.21649465,3901
,3901
37.4061745,3902
,3902
43.02832469,3903
,3903
1.126878627,3904
,3904
43.83894822,3905
,3905
48.45171074,3906
,3906
1.342248202,3907
,3907
69.84952946,3908
,3908
74.90352783,3909
,3909
78.41262052,3910
,3910
80.77035612,3911
,3911
84.70172213,3912
,3912
9.540861126,3913
,3913
61.6695561,3914
,3914
74.59231799,3915
,3915
1.159391266,3916
,3916
19.7798759,3917
,3917
27.25583167,3918
,3918
0,3919
,3919
27.61595801,3920
,3920
44.94211074,3921
,3921
0,3922
,3922
49.88008869,3923
,3923
61.83593039,3924
,3924
54.69797468,3925
,3925
66.42814295,3926
,3926
66.04767415,3927
,3927
0.899554125,3928
,3928
41.91155944,3929
,3929
45.77046106,3930
,3930
2.749074467,3931
,3931
28.74221631,3932
,3932
33.74215602,3933
,3933
0,3934
,3934
20.54633014,3935
,3935
34.2854552,3936
,3936
0.52608193,3937
,3937
35.20097749,3938
,3938
57.87416713,3939
,3939
28.17135486,3940
,3940
42.18931962,3941
,3941
54.86277738,3942
,3942
1.720185042,3943
,3943
52.96278289,3944
,3944
55.26466335,3945
,3945
2.565604497,3946
,3946
25.67305216,3947
,3947
40.24019595,3948
,3948
0,3949
,3949
20.84643886,3950
,3950
46.31398784,3951
,3951
0.553317014,3952
,3952
32.70750682,3953
,3953
69.61841713,3954
,3954
38.40380593,3955
,3955
57.42667045,3956
,3956
86.23315653,3957
,3957
1.44008073,3958
,3958
43.53836522,3959
,3959
69.79590237,3960
,3960
